,Unnamed: 0,datetime,tempmax,tempmin,temp,precip,windspeed,winddir
0,0,2017-03-12,32.0,20.6,26.1,0.0,18.4,354.0
1,1,2017-03-13,33.0,15.2,24.6,0.0,12.6,61.4
2,2,2017-03-14,34.0,15.0,25.0,0.0,11.2,72.3
3,3,2017-03-15,34.0,18.0,26.5,0.0,12.2,75.1
4,4,2017-03-16,35.0,21.0,27.5,1.7,14.8,152.8
5,5,2017-03-17,38.0,19.9,28.9,2.1,20.5,313.9
6,6,2017-03-18,37.0,19.0,28.6,0.0,11.2,334.7
7,7,2017-03-19,38.6,19.0,29.3,0.0,22.3,315.5
8,8,2017-03-20,34.0,20.8,28.3,0.0,20.5,64.4
9,9,2017-03-21,36.0,19.0,28.6,0.0,11.2,60.3
10,10,2017-03-22,39.6,19.0,29.7,0.0,13.0,56.0
11,11,2017-03-23,41.0,20.0,30.7,0.0,13.0,201.2
12,12,2017-03-24,41.4,22.7,32.9,0.0,15.8,215.1
13,13,2017-03-25,42.0,24.0,33.3,0.0,20.5,338.2
14,14,2017-03-26,42.0,22.0,32.6,0.0,11.2,63.6
15,15,2017-03-27,41.0,23.0,32.5,0.0,11.2,80.0
16,16,2017-03-28,42.8,25.5,33.9,0.0,13.7,309.2
17,17,2017-03-29,44.0,24.7,34.1,0.0,11.2,106.5
18,18,2017-03-30,44.0,24.7,35.1,0.0,11.2,300.7
19,19,2017-03-31,42.0,24.0,33.5,0.0,9.4,20.5
20,20,2017-04-01,42.0,23.0,33.5,0.0,11.5,300.4
21,21,2017-04-02,43.0,26.9,34.9,0.0,16.5,308.6
22,22,2017-04-03,43.0,27.0,34.7,0.0,18.4,265.1
23,23,2017-04-04,43.0,25.3,34.5,0.0,18.4,246.6
24,24,2017-04-05,42.3,25.0,33.5,0.0,20.1,268.4
25,25,2017-04-06,43.0,24.8,33.8,0.0,18.4,292.1
26,26,2017-04-07,43.3,23.8,33.8,0.0,24.1,290.2
27,27,2017-04-08,41.0,24.0,33.6,0.0,18.4,306.8
28,28,2017-04-09,41.0,26.5,33.7,0.0,15.1,7.0
29,29,2017-04-10,39.0,26.3,32.6,0.0,14.8,13.7
30,30,2017-04-11,40.2,22.0,31.5,0.0,22.3,347.1
31,31,2017-04-12,41.6,21.7,32.7,0.0,14.8,7.4
32,32,2017-04-13,43.0,24.4,34.0,0.0,11.2,37.7
33,33,2017-04-14,43.8,25.7,35.0,0.0,18.4,337.5
34,34,2017-04-15,44.2,25.0,35.0,0.0,18.4,310.2
35,35,2017-04-16,44.3,27.0,36.1,0.0,29.5,334.6
36,36,2017-04-17,45.4,26.6,36.1,0.0,11.2,355.9
37,37,2017-04-18,45.0,29.0,36.9,0.0,18.4,318.4
38,38,2017-04-19,45.9,31.0,37.4,0.0,18.4,291.0
39,39,2017-04-20,43.0,25.0,35.6,0.0,22.3,286.6
40,40,2017-04-21,44.0,27.0,37.1,0.0,29.5,301.0
41,41,2017-04-22,43.7,29.3,36.6,0.0,24.1,297.7
42,42,2017-04-23,41.7,26.1,34.8,0.0,27.7,288.0
43,43,2017-04-24,41.3,24.9,34.2,0.0,27.7,302.3
44,44,2017-04-25,41.0,28.0,34.1,0.0,29.5,302.6
45,45,2017-04-26,41.0,27.7,34.6,0.0,27.7,309.5
46,46,2017-04-27,42.1,23.7,34.6,0.0,24.1,311.4
47,47,2017-04-28,42.2,24.9,34.6,0.0,18.3,278.4
48,48,2017-04-29,42.0,27.3,35.2,0.0,36.9,296.5
49,49,2017-04-30,40.6,30.0,35.2,0.0,25.9,249.7
50,50,2017-05-01,40.0,27.8,34.8,0.0,14.8,237.9
51,51,2017-05-02,41.0,26.4,34.4,0.0,16.6,192.4
52,52,2017-05-03,41.3,28.0,35.0,0.0,20.5,173.6
53,53,2017-05-04,41.3,24.6,34.1,3.3,18.4,232.3
54,54,2017-05-05,43.0,25.1,35.8,0.0,16.6,230.8
55,55,2017-05-06,43.0,31.0,36.3,0.0,13.8,117.1
56,56,2017-05-07,41.8,28.7,34.5,0.0,24.0,155.3
57,57,2017-05-08,42.6,25.6,34.8,0.9,16.9,122.7
58,58,2017-05-09,41.5,30.0,35.8,0.9,20.5,304.9
59,59,2017-05-10,42.0,27.8,34.4,0.0,18.4,185.1
60,60,2017-05-11,41.0,27.0,34.4,0.0,18.4,205.7
61,61,2017-05-12,42.0,27.0,34.7,0.0,14.8,206.1
62,62,2017-05-13,43.4,30.7,36.9,7.4,19.1,215.9
63,63,2017-05-14,44.0,32.0,37.8,0.5,27.7,250.5
64,64,2017-05-15,45.0,31.0,38.4,0.9,21.6,267.6
65,65,2017-05-16,44.3,34.0,38.8,0.0,24.1,322.4
66,66,2017-05-17,43.2,31.0,38.0,0.0,27.7,312.4
67,67,2017-05-18,45.6,32.6,38.3,0.0,22.3,315.7
68,68,2017-05-19,45.0,33.0,38.6,0.0,25.9,309.4
69,69,2017-05-20,44.0,28.0,37.3,0.0,27.7,297.2
70,70,2017-05-21,44.0,31.0,37.9,0.0,24.3,297.8
71,71,2017-05-22,43.6,29.8,37.3,0.0,24.1,300.5
72,72,2017-05-23,44.0,30.0,37.2,0.0,18.4,343.0
73,73,2017-05-24,44.1,30.8,38.0,0.0,18.4,328.1
74,74,2017-05-25,44.4,32.0,38.6,0.0,24.1,317.4
75,75,2017-05-26,45.0,34.0,39.3,0.0,16.6,332.7
76,76,2017-05-27,45.3,31.0,36.7,1.8,25.9,215.9
77,77,2017-05-28,43.0,24.0,32.3,14.6,22.3,230.7
78,78,2017-05-29,41.1,25.0,32.8,0.5,16.6,289.0
79,79,2017-05-30,39.7,25.6,31.8,1.0,27.7,301.4
80,80,2017-05-31,38.0,25.8,32.0,5.5,22.7,264.6
81,81,2017-06-01,39.1,29.0,33.9,0.8,24.1,308.3
82,82,2017-06-02,41.0,29.0,34.2,7.7,18.4,216.3
83,83,2017-06-03,41.0,31.0,36.3,0.0,14.8,209.5
84,84,2017-06-04,41.0,30.8,34.9,0.0,20.5,274.9
85,85,2017-06-05,38.0,29.0,33.2,1.1,33.5,283.3
86,86,2017-06-06,39.8,28.0,32.9,2.4,31.7,325.6
87,87,2017-06-07,39.0,28.8,31.9,0.7,22.3,312.9
88,88,2017-06-08,39.0,27.2,32.1,0.9,24.0,315.9
89,89,2017-06-09,38.0,28.8,32.8,2.4,27.7,302.3
90,90,2017-06-10,40.0,25.8,29.9,9.5,20.2,275.4
91,91,2017-06-11,34.0,25.8,29.4,10.1,18.4,238.7
92,92,2017-06-12,35.0,26.0,29.3,15.0,16.6,242.8
93,93,2017-06-13,36.8,23.8,29.3,3.3,22.3,222.8
94,94,2017-06-14,37.0,25.8,31.5,2.6,14.8,239.0
95,95,2017-06-15,38.0,25.8,30.5,10.5,25.9,280.1
96,96,2017-06-16,35.0,24.6,28.9,3.7,25.9,221.2
97,97,2017-06-17,38.0,24.8,30.8,0.5,15.7,242.9
98,98,2017-06-18,40.0,27.2,34.1,0.0,25.9,288.4
99,99,2017-06-19,39.4,29.0,34.7,0.0,25.8,286.5
100,100,2017-06-20,39.0,28.4,34.4,1.4,24.1,286.7
101,101,2017-06-21,38.0,26.8,31.6,12.3,22.3,231.3
102,102,2017-06-22,37.0,24.8,30.1,8.1,31.7,286.1
103,103,2017-06-23,37.4,26.0,29.3,11.6,24.1,276.0
104,104,2017-06-24,37.0,25.6,31.4,3.2,20.5,282.1
105,105,2017-06-25,35.0,26.3,30.4,0.7,14.8,266.3
106,106,2017-06-26,33.0,23.0,27.5,27.3,22.3,266.8
107,107,2017-06-27,29.0,24.7,26.6,24.2,24.1,218.8
108,108,2017-06-28,32.5,25.0,28.3,18.0,16.6,252.5
109,109,2017-06-29,35.0,24.8,28.9,7.5,16.6,266.5
110,110,2017-06-30,35.0,25.0,28.1,17.1,35.3,265.1
111,111,2017-07-01,32.0,24.8,27.8,14.5,22.3,239.9
112,112,2017-07-02,30.4,24.8,26.6,10.4,24.5,226.8
113,113,2017-07-03,33.3,25.0,28.8,8.4,24.8,247.6
114,114,2017-07-04,29.0,25.1,27.3,5.2,24.1,270.3
115,115,2017-07-05,33.0,24.8,28.7,2.5,22.3,279.7
116,116,2017-07-06,34.3,23.9,29.8,0.0,22.3,296.9
117,117,2017-07-07,36.0,26.3,31.2,0.0,20.5,309.6
118,118,2017-07-08,37.0,24.9,31.8,0.0,25.9,297.0
119,119,2017-07-09,33.0,25.6,30.6,1.2,22.2,305.4
120,120,2017-07-10,29.0,25.3,27.7,12.2,12.2,330.5
121,121,2017-07-11,31.2,24.8,26.9,9.9,22.7,249.7
122,122,2017-07-12,29.0,23.0,26.5,2.1,22.3,275.9
123,123,2017-07-13,29.0,24.9,26.7,2.6,20.9,249.7
124,124,2017-07-14,29.8,25.6,27.3,22.1,20.5,245.5
125,125,2017-07-15,30.9,25.0,26.8,8.7,20.5,234.5
126,126,2017-07-16,30.0,25.0,27.2,3.2,16.6,270.7
127,127,2017-07-17,29.0,24.7,26.8,18.5,16.6,285.8
128,128,2017-07-18,31.0,23.6,27.6,72.3,16.6,304.4
129,129,2017-07-19,31.0,24.0,26.5,54.4,19.4,270.3
130,130,2017-07-20,29.3,24.3,27.0,96.9,22.0,245.2
131,131,2017-07-21,29.2,25.0,27.1,50.4,15.7,223.8
132,132,2017-07-22,30.0,23.9,27.6,3.7,22.2,219.1
133,133,2017-07-23,29.0,24.8,26.9,3.1,22.3,239.9
134,134,2017-07-24,31.2,24.8,26.8,5.7,23.0,240.3
135,135,2017-07-25,31.2,24.0,26.7,4.4,27.6,268.0
136,136,2017-07-26,28.0,24.0,25.8,8.0,16.6,250.1
137,137,2017-07-27,28.0,24.0,25.8,9.5,23.3,247.8
138,138,2017-07-28,30.0,24.6,26.7,1.5,18.4,243.5
139,139,2017-07-29,32.0,23.6,27.8,0.5,14.8,263.7
140,140,2017-07-30,32.0,24.8,27.9,0.0,14.8,286.1
141,141,2017-07-31,33.2,25.8,29.1,0.4,16.6,284.3
142,142,2017-08-01,34.2,25.8,29.4,0.7,18.0,291.5
143,143,2017-08-02,33.0,25.6,29.8,0.9,23.3,301.9
144,144,2017-08-03,33.0,26.4,29.2,0.0,18.4,283.9
145,145,2017-08-04,32.0,25.0,28.0,0.7,14.8,277.9
146,146,2017-08-05,31.0,26.4,28.4,1.3,14.8,310.4
147,147,2017-08-06,30.0,24.0,27.0,0.9,20.5,313.1
148,148,2017-08-07,28.9,24.8,26.1,27.4,13.0,270.9
149,149,2017-08-08,27.0,24.8,25.3,15.4,14.8,249.7
150,150,2017-08-09,29.0,23.8,25.8,8.7,14.8,242.8
151,151,2017-08-10,33.0,23.8,27.7,3.6,18.4,261.9
152,152,2017-08-11,32.0,24.8,27.9,0.0,18.4,284.4
153,153,2017-08-12,33.0,24.6,28.7,0.5,18.4,283.2
154,154,2017-08-13,33.0,25.6,29.2,1.0,18.4,299.6
155,155,2017-08-14,31.0,25.0,27.7,4.6,11.2,273.3
156,156,2017-08-15,34.0,24.7,28.3,1.4,14.8,272.9
157,157,2017-08-16,34.0,25.0,29.4,2.5,20.5,302.6
158,158,2017-08-17,32.0,25.8,28.3,3.2,16.6,296.2
159,159,2017-08-18,32.0,25.0,28.0,49.2,22.3,310.1
160,160,2017-08-19,32.0,24.0,28.4,24.2,18.7,3.7
161,161,2017-08-20,31.0,25.8,27.9,4.3,14.8,121.0
162,162,2017-08-21,27.0,24.0,24.8,2.2,14.8,148.4
163,163,2017-08-22,30.0,23.0,26.2,0.0,14.8,207.0
164,164,2017-08-23,32.0,25.0,28.0,2.0,13.8,300.7
165,165,2017-08-24,31.0,24.5,27.8,4.2,13.0,315.8
166,166,2017-08-25,31.0,24.8,26.7,28.2,11.2,316.6
167,167,2017-08-26,31.0,25.4,28.0,9.5,18.4,296.7
168,168,2017-08-27,33.0,25.4,27.8,3.8,24.1,321.5
169,169,2017-08-28,31.0,24.8,27.5,28.4,11.2,39.1
170,170,2017-08-29,29.0,24.8,26.0,26.0,14.8,171.9
171,171,2017-08-30,31.0,23.8,27.7,1.1,18.4,194.6
172,172,2017-08-31,36.0,25.8,29.4,0.0,14.8,258.0
173,173,2017-09-01,33.0,25.4,28.9,0.0,14.8,286.1
174,174,2017-09-02,33.0,24.0,28.4,0.0,11.2,284.9
175,175,2017-09-03,32.0,24.6,27.7,7.3,38.1,268.3
176,176,2017-09-04,32.0,26.0,28.3,1.0,14.8,300.7
177,177,2017-09-05,33.0,25.4,28.0,0.6,13.3,310.2
178,178,2017-09-06,34.0,26.0,29.4,4.2,9.4,323.4
179,179,2017-09-07,34.0,26.0,29.2,3.3,9.4,5.4
180,180,2017-09-08,33.0,24.8,28.5,2.4,14.8,334.9
181,181,2017-09-09,32.2,24.0,27.0,9.9,16.6,242.6
182,182,2017-09-10,32.0,24.8,27.6,0.7,3.6,68.0
183,183,2017-09-11,34.0,24.6,28.3,0.9,13.0,143.2
184,184,2017-09-12,31.0,24.8,27.3,8.7,9.4,251.9
185,185,2017-09-13,31.0,24.4,26.2,10.0,14.8,292.1
186,186,2017-09-14,30.0,24.8,26.7,4.6,11.2,283.2
187,187,2017-09-15,31.0,23.2,26.7,6.9,9.4,198.3
188,188,2017-09-16,32.0,24.8,27.8,1.1,9.4,199.6
189,189,2017-09-17,34.0,24.7,29.1,19.3,9.4,252.4
190,190,2017-09-18,33.0,22.0,27.7,11.3,31.7,241.0
191,191,2017-09-19,33.0,25.0,28.0,10.9,11.2,286.8
192,192,2017-09-20,29.0,25.0,26.4,6.4,11.2,262.8
193,193,2017-09-21,30.0,23.8,26.4,12.8,18.4,257.6
194,194,2017-09-22,31.0,22.8,26.4,0.3,18.4,299.6
195,195,2017-09-23,32.0,22.6,27.4,0.0,14.8,259.4
196,196,2017-09-24,35.0,24.8,28.4,0.0,14.4,340.1
197,197,2017-09-25,35.0,24.4,28.7,2.0,14.8,343.7
198,198,2017-09-26,35.0,24.9,29.6,0.3,14.8,347.3
199,199,2017-09-27,34.0,26.0,30.1,0.0,11.2,29.1
200,200,2017-09-28,34.0,25.0,29.3,4.3,9.4,52.8
201,201,2017-09-29,35.0,23.7,29.3,1.9,11.2,355.7
202,202,2017-09-30,35.0,24.8,29.3,0.0,9.4,298.6
203,203,2017-10-01,34.0,25.0,29.0,0.0,9.4,178.2
204,204,2017-10-02,34.0,25.0,28.8,2.0,11.2,212.5
205,205,2017-10-03,33.0,24.0,28.3,0.1,7.6,52.4
206,206,2017-10-04,35.0,22.5,28.4,0.0,7.6,49.9
207,207,2017-10-05,33.0,23.6,27.7,3.7,11.2,91.2
208,208,2017-10-06,33.0,25.1,29.0,5.1,14.8,111.4
209,209,2017-10-07,33.0,24.8,27.9,4.2,16.5,75.2
210,210,2017-10-08,31.0,24.8,26.9,2.6,9.4,86.0
211,211,2017-10-09,28.0,23.6,25.6,6.3,11.2,107.4
212,212,2017-10-10,30.0,23.7,26.8,6.0,7.6,104.2
213,213,2017-10-11,32.4,24.8,27.5,1.9,9.4,202.9
214,214,2017-10-12,33.0,24.5,27.5,3.5,42.6,32.9
215,215,2017-10-13,32.0,24.8,27.9,1.8,18.4,344.2
216,216,2017-10-14,33.0,24.8,28.7,0.9,7.6,67.8
217,217,2017-10-15,34.0,24.4,28.7,0.0,6.8,31.0
218,218,2017-10-16,36.0,22.4,28.3,0.0,14.7,355.5
219,219,2017-10-17,36.0,22.0,27.9,0.0,9.4,17.5
220,220,2017-10-18,33.0,22.0,26.2,0.0,9.4,60.5
221,221,2017-10-19,33.2,22.0,27.2,0.0,9.3,38.8
222,222,2017-10-20,34.0,24.8,28.9,2.8,9.4,323.4
223,223,2017-10-21,34.0,24.0,28.7,1.6,9.4,37.4
224,224,2017-10-22,34.0,24.6,28.2,0.0,11.2,202.9
225,225,2017-10-23,35.0,21.7,27.4,0.0,7.5,357.5
226,226,2017-10-24,34.0,17.9,25.1,0.0,11.2,335.4
227,227,2017-10-25,33.0,17.0,24.4,0.0,11.2,15.0
228,228,2017-10-26,32.0,18.0,25.3,0.0,5.4,152.2
229,229,2017-10-27,33.0,18.2,25.6,0.0,9.4,319.4
230,230,2017-10-28,32.0,19.9,25.4,0.0,7.6,101.9
231,231,2017-10-29,32.0,18.4,25.2,0.0,5.4,45.0
232,232,2017-10-30,33.0,21.0,26.3,0.0,7.6,3.1
233,233,2017-10-31,32.0,17.6,24.7,0.0,5.4,357.6
234,234,2017-11-01,31.0,16.9,24.2,0.0,7.6,70.6
235,235,2017-11-02,30.0,18.5,24.1,0.0,7.6,83.3
236,236,2017-11-03,30.0,16.9,23.6,0.0,9.4,66.3
237,237,2017-11-04,29.2,16.4,23.5,0.0,9.4,70.2
238,238,2017-11-05,30.0,17.0,23.3,0.0,13.0,54.3
239,239,2017-11-06,30.4,16.9,24.1,0.0,5.4,24.5
240,240,2017-11-07,30.5,18.7,24.3,0.0,7.6,42.4
241,241,2017-11-08,31.2,19.0,24.3,0.0,5.4,50.9
242,242,2017-11-09,31.0,16.9,23.3,0.0,5.4,28.9
243,243,2017-11-10,30.0,15.0,22.3,0.0,9.4,348.3
244,244,2017-11-11,29.2,13.9,21.5,0.0,9.4,27.9
245,245,2017-11-12,29.0,14.9,21.4,0.0,9.3,11.0
246,246,2017-11-13,29.0,15.5,22.0,0.0,9.4,336.4
247,247,2017-11-14,30.6,14.6,23.0,0.0,12.6,49.1
248,248,2017-11-15,30.0,20.4,25.1,0.0,10.8,16.0
249,249,2017-11-16,30.2,20.0,24.9,0.0,13.3,10.2
250,250,2017-11-17,31.0,18.6,25.4,0.0,9.4,70.1
251,251,2017-11-18,31.0,19.3,25.1,0.0,9.4,38.7
252,252,2017-11-19,32.2,19.3,25.1,0.0,5.4,332.9
253,253,2017-11-20,31.2,18.9,25.6,0.0,11.2,41.2
254,254,2017-11-21,30.8,20.2,25.2,0.0,8.3,46.7
255,255,2017-11-22,30.0,20.9,24.9,0.3,7.6,358.1
256,256,2017-11-23,31.0,18.1,24.6,0.0,9.4,31.0
257,257,2017-11-24,30.0,17.2,23.2,0.0,7.6,6.7
258,258,2017-11-25,29.0,14.3,21.3,0.0,9.4,18.8
259,259,2017-11-26,30.0,12.1,21.1,0.0,7.5,7.0
260,260,2017-11-27,31.0,13.9,21.2,0.0,5.4,359.4
261,261,2017-11-28,31.0,13.0,21.4,0.0,7.5,69.8
262,262,2017-11-29,30.2,13.0,21.6,0.0,5.4,62.4
263,263,2017-11-30,29.0,14.1,21.7,0.0,9.4,61.5
264,264,2017-12-01,28.0,15.0,20.4,0.0,11.5,56.4
265,265,2017-12-02,28.0,12.9,20.0,0.0,9.4,16.5
266,266,2017-12-03,28.0,11.9,19.7,0.0,9.4,30.4
267,267,2017-12-04,28.0,12.9,20.0,0.0,7.6,29.6
268,268,2017-12-05,28.0,14.0,20.7,0.0,21.4,51.8
269,269,2017-12-06,29.0,15.7,22.4,0.0,9.4,74.1
270,270,2017-12-07,30.0,17.0,23.5,0.0,9.4,44.0
271,271,2017-12-08,30.0,17.4,23.8,0.0,9.4,2.3
272,272,2017-12-09,30.3,16.9,23.1,0.0,16.2,6.9
273,273,2017-12-10,29.0,12.0,21.0,0.0,11.2,19.2
274,274,2017-12-11,30.0,12.9,20.5,0.0,9.3,34.0
275,275,2017-12-12,31.0,14.0,21.3,0.0,7.6,351.8
276,276,2017-12-13,29.4,16.4,22.9,0.0,9.3,100.3
277,277,2017-12-14,31.0,16.2,22.8,0.0,11.5,79.0
278,278,2017-12-15,30.2,16.4,22.4,0.0,11.2,83.9
279,279,2017-12-16,30.0,15.3,22.3,0.0,11.1,63.9
280,280,2017-12-17,28.0,16.1,22.2,0.0,7.6,10.7
281,281,2017-12-18,28.0,13.2,20.7,0.0,7.6,21.8
282,282,2017-12-19,27.0,10.6,19.3,0.0,11.1,10.4
283,283,2017-12-20,29.0,11.0,20.0,0.0,9.4,7.5
284,284,2017-12-21,29.0,14.5,21.0,0.0,9.4,14.9
285,285,2017-12-22,28.0,11.6,20.2,0.0,9.4,12.3
286,286,2017-12-23,28.0,12.3,19.8,0.0,9.4,8.6
287,287,2017-12-24,29.0,11.7,20.1,0.0,9.4,21.7
288,288,2017-12-25,30.0,12.4,21.0,0.0,10.4,6.9
289,289,2017-12-26,28.0,14.7,20.3,0.0,9.4,9.4
290,290,2017-12-27,29.0,8.6,18.8,0.0,10.4,31.2
291,291,2017-12-28,29.0,10.7,19.3,0.0,7.6,45.0
292,292,2017-12-29,28.3,12.0,19.3,0.0,9.4,65.3
293,293,2017-12-30,29.0,10.9,19.9,0.0,9.4,2.3
294,294,2017-12-31,34.0,10.6,20.9,0.0,9.4,14.4
295,295,2018-01-01,28.0,12.0,20.2,0.0,5.4,357.6
296,296,2018-01-02,28.0,14.0,20.6,0.0,7.6,16.5
297,297,2018-01-03,28.0,14.0,20.1,0.0,9.4,301.4
298,298,2018-01-04,26.0,10.0,18.8,0.0,11.2,12.4
299,299,2018-01-05,28.4,10.4,19.2,0.0,9.7,33.6
300,300,2018-01-06,28.0,11.6,20.0,0.0,9.4,72.3
301,301,2018-01-07,28.0,13.0,19.8,0.0,11.2,16.6
302,302,2018-01-08,27.0,14.0,19.9,0.0,9.4,33.3
303,303,2018-01-09,27.0,11.0,19.4,0.0,9.4,33.8
304,304,2018-01-10,29.0,11.7,20.3,0.0,9.0,14.5
305,305,2018-01-11,30.0,13.7,21.4,0.0,16.5,308.7
306,306,2018-01-12,30.0,13.0,21.4,0.0,9.4,337.6
307,307,2018-01-13,29.0,15.3,22.1,0.0,11.2,30.8
308,308,2018-01-14,29.0,14.9,22.1,0.0,9.4,20.6
309,309,2018-01-15,30.0,16.8,23.6,0.0,9.3,7.5
310,310,2018-01-16,30.0,12.0,21.5,0.0,9.4,359.6
311,311,2018-01-17,31.0,13.0,21.4,0.0,7.6,19.3
312,312,2018-01-18,29.0,15.0,22.0,0.0,11.1,343.2
313,313,2018-01-19,29.0,12.0,20.1,0.0,9.4,2.5
314,314,2018-01-20,29.0,11.9,20.9,0.0,7.6,0.4
315,315,2018-01-21,29.0,12.9,21.0,0.0,9.4,20.7
316,316,2018-01-22,30.0,13.0,21.7,0.0,9.4,23.5
317,317,2018-01-23,29.2,15.0,21.5,0.0,13.7,106.1
318,318,2018-01-24,29.0,15.8,22.9,0.0,14.8,284.7
319,319,2018-01-25,29.0,14.0,20.3,0.0,13.0,305.5
320,320,2018-01-26,28.0,11.0,19.7,0.0,11.2,24.7
321,321,2018-01-27,28.0,11.0,19.6,0.0,11.1,34.3
322,322,2018-01-28,29.0,10.9,20.4,0.0,10.1,38.9
323,323,2018-01-29,30.0,11.0,21.5,0.0,10.4,57.5
324,324,2018-01-30,31.0,13.5,22.4,0.0,9.4,13.5
325,325,2018-01-31,33.0,14.1,23.5,0.0,14.8,329.9
326,326,2018-02-01,33.0,13.5,23.0,0.0,11.1,7.3
327,327,2018-02-02,33.0,13.5,22.8,0.0,12.9,91.0
328,328,2018-02-03,32.0,13.9,23.2,0.0,13.0,104.6
329,329,2018-02-04,32.0,15.0,23.7,0.0,9.7,101.7
330,330,2018-02-05,32.0,16.1,24.2,0.0,9.4,27.8
331,331,2018-02-06,33.0,17.0,24.6,0.0,9.4,39.2
332,332,2018-02-07,29.0,18.0,23.6,0.0,13.0,77.0
333,333,2018-02-08,32.0,16.0,23.8,0.0,14.8,125.4
334,334,2018-02-09,32.0,17.0,25.0,0.0,22.3,230.0
335,335,2018-02-10,28.0,15.7,22.6,0.0,14.3,43.5
336,336,2018-02-11,25.4,18.0,20.7,2.6,22.3,28.0
337,337,2018-02-12,26.8,17.0,21.2,10.1,11.2,13.4
338,338,2018-02-13,28.0,18.0,22.3,7.9,9.3,8.8
339,339,2018-02-14,27.0,16.8,20.8,1.1,12.9,7.8
340,340,2018-02-15,31.0,14.0,21.4,0.0,11.2,356.4
341,341,2018-02-16,31.0,12.4,22.7,0.0,9.3,6.0
342,342,2018-02-17,32.0,15.7,23.7,0.0,11.1,18.9
343,343,2018-02-18,33.0,15.0,24.2,0.0,9.4,50.4
344,344,2018-02-19,33.0,17.0,25.3,0.0,9.4,26.7
345,345,2018-02-20,33.0,18.0,26.2,0.0,11.1,8.9
346,346,2018-02-21,33.1,16.2,25.7,0.0,11.2,35.2
347,347,2018-02-22,34.1,17.1,25.8,0.0,11.0,38.8
348,348,2018-02-23,34.0,19.0,26.6,0.0,11.2,65.8
349,349,2018-02-24,35.0,19.0,27.3,0.0,13.0,125.2
350,350,2018-02-25,36.0,19.0,27.5,0.0,9.3,156.4
351,351,2018-02-26,35.0,22.0,28.0,0.0,9.4,4.9
352,352,2018-02-27,35.0,19.0,27.5,0.0,10.8,16.5
353,353,2018-02-28,36.0,19.0,27.7,0.0,11.2,355.1
354,354,2018-03-01,37.7,20.0,28.2,0.0,12.1,33.1
355,355,2018-03-02,37.0,20.0,28.7,0.0,12.9,82.0
356,356,2018-03-03,37.4,21.0,29.0,0.0,9.4,348.2
357,357,2018-03-04,36.0,23.0,29.1,0.0,11.2,4.6
358,358,2018-03-05,36.0,23.0,29.1,0.0,13.0,11.0
359,359,2018-03-06,36.8,22.7,29.1,0.0,11.1,14.9
360,360,2018-03-07,35.0,19.0,28.5,0.0,11.2,16.2
361,361,2018-03-08,34.7,22.0,28.6,0.0,11.2,12.4
362,362,2018-03-09,32.0,23.0,27.0,0.0,10.4,21.1
363,363,2018-03-10,37.0,20.0,28.7,0.0,7.6,10.1
364,364,2018-03-11,34.0,22.7,28.0,0.1,22.3,158.3
365,365,2018-03-12,36.0,20.0,28.2,0.0,14.8,159.6
366,366,2018-03-13,38.0,22.1,29.7,0.0,13.0,150.0
367,367,2018-03-14,40.0,22.0,31.2,0.0,18.4,181.0
368,368,2018-03-15,35.2,22.9,30.3,0.0,16.6,296.0
369,369,2018-03-16,27.2,19.0,23.3,3.8,18.4,96.1
370,370,2018-03-17,35.6,17.8,25.0,0.0,13.0,117.1
371,371,2018-03-18,35.0,18.8,27.3,0.0,13.0,53.9
372,372,2018-03-19,37.0,20.0,29.1,0.0,13.7,40.5
373,373,2018-03-20,37.0,24.1,30.5,0.0,12.9,146.6
374,374,2018-03-21,38.2,24.3,31.4,0.0,16.5,285.0
375,375,2018-03-22,39.3,22.0,30.7,0.0,18.4,272.2
376,376,2018-03-23,38.0,20.0,30.0,0.0,18.3,291.5
377,377,2018-03-24,38.0,24.0,31.1,0.0,13.0,351.8
378,378,2018-03-25,38.0,25.0,31.0,0.0,13.0,355.6
379,379,2018-03-26,39.1,22.0,31.4,0.0,14.6,323.2
380,380,2018-03-27,40.0,19.9,30.5,0.0,11.1,348.0
381,381,2018-03-28,40.0,21.0,30.9,0.0,7.6,47.4
382,382,2018-03-29,41.0,22.8,31.8,0.0,11.2,55.0
383,383,2018-03-30,40.0,22.0,31.7,0.0,9.4,59.6
384,384,2018-03-31,42.1,21.0,31.8,0.0,11.2,56.0
385,385,2018-04-01,41.0,25.8,32.7,0.3,25.9,225.0
386,386,2018-04-02,39.0,24.0,30.8,0.0,14.8,355.0
387,387,2018-04-03,41.0,23.0,31.6,0.0,11.2,16.2
388,388,2018-04-04,40.0,23.0,32.1,0.0,14.8,91.4
389,389,2018-04-05,40.0,24.3,32.5,0.0,14.8,179.9
390,390,2018-04-06,40.0,25.0,33.1,0.0,11.2,173.0
391,391,2018-04-07,39.0,28.7,33.7,0.0,22.3,205.8
392,392,2018-04-08,34.0,25.0,30.3,0.0,22.2,137.9
393,393,2018-04-09,38.0,22.0,29.9,0.0,31.7,172.3
394,394,2018-04-10,37.0,22.0,29.1,0.9,24.1,84.9
395,395,2018-04-11,37.0,22.0,29.4,4.3,13.0,177.6
396,396,2018-04-12,38.0,26.6,31.8,0.6,18.4,118.1
397,397,2018-04-13,38.0,26.8,30.6,2.1,14.8,84.5
398,398,2018-04-14,39.0,24.8,30.7,0.7,20.5,97.1
399,399,2018-04-15,37.2,22.8,29.5,7.0,27.7,112.3
400,400,2018-04-16,41.0,24.0,31.9,0.4,14.8,147.0
401,401,2018-04-17,43.0,25.5,34.4,0.0,13.0,171.7
402,402,2018-04-18,43.0,26.1,35.1,0.0,18.4,262.0
403,403,2018-04-19,42.0,24.5,34.1,0.0,11.2,346.3
404,404,2018-04-20,43.0,26.3,35.5,0.0,22.3,248.5
405,405,2018-04-21,41.0,27.8,35.3,0.0,18.4,271.1
406,406,2018-04-22,42.0,25.0,34.4,0.0,14.8,292.9
407,407,2018-04-23,41.0,27.0,34.5,0.0,14.8,2.6
408,408,2018-04-24,42.0,25.0,34.0,0.0,14.8,337.5
409,409,2018-04-25,41.0,24.0,32.9,0.0,14.8,145.9
410,410,2018-04-26,42.8,22.6,34.1,0.0,14.7,243.7
411,411,2018-04-27,43.0,24.5,34.4,0.0,18.3,172.4
412,412,2018-04-28,43.0,29.0,35.9,0.0,18.4,142.5
413,413,2018-04-29,44.0,30.0,37.4,0.0,18.4,239.3
414,414,2018-04-30,44.1,28.0,37.1,0.0,18.4,232.8
415,415,2018-05-01,43.2,28.6,36.2,0.0,22.3,255.0
416,416,2018-05-02,43.0,28.8,34.6,0.2,27.7,124.7
417,417,2018-05-03,37.3,28.1,32.8,1.7,22.3,62.3
418,418,2018-05-04,41.0,24.3,32.9,1.3,14.8,124.0
419,419,2018-05-05,42.0,27.8,35.5,0.0,16.6,122.0
420,420,2018-05-06,43.0,29.4,36.8,1.8,27.7,130.7
421,421,2018-05-07,44.0,31.0,37.8,0.4,59.4,238.7
422,422,2018-05-08,43.7,30.0,36.6,0.0,27.7,239.1
423,423,2018-05-09,43.0,28.1,36.1,0.0,18.3,246.9
424,424,2018-05-10,44.0,31.0,37.2,0.0,22.3,168.1
425,425,2018-05-11,44.0,31.0,37.5,0.0,11.1,67.4
426,426,2018-05-12,44.2,33.0,37.8,0.0,18.3,79.8
427,427,2018-05-13,42.0,30.0,36.3,0.3,16.6,129.1
428,428,2018-05-14,43.0,29.8,36.6,0.0,22.3,172.2
429,429,2018-05-15,41.0,28.0,34.7,0.2,22.3,100.4
430,430,2018-05-16,43.0,30.7,36.4,0.0,16.6,173.6
431,431,2018-05-17,44.0,28.4,36.3,0.0,9.5,25.8
432,432,2018-05-18,44.0,31.4,37.7,0.0,16.6,145.8
433,433,2018-05-19,45.0,29.4,38.2,0.0,22.2,227.2
434,434,2018-05-20,45.1,30.2,38.2,0.0,11.1,228.8
435,435,2018-05-21,44.0,31.5,38.0,0.0,18.7,44.1
436,436,2018-05-22,43.0,32.0,37.4,0.8,18.4,96.6
437,437,2018-05-23,41.0,32.9,36.5,0.0,24.0,119.1
438,438,2018-05-24,44.0,31.4,37.6,0.0,18.4,121.1
439,439,2018-05-25,45.0,30.6,38.1,0.0,14.8,131.1
440,440,2018-05-26,43.0,24.0,34.4,5.3,37.1,63.7
441,441,2018-05-27,39.0,26.6,32.6,7.9,18.3,102.1
442,442,2018-05-28,44.0,30.1,37.1,0.0,20.5,124.9
443,443,2018-05-29,45.0,31.0,38.4,0.0,21.2,185.4
444,444,2018-05-30,45.1,32.0,37.9,0.6,29.5,181.2
445,445,2018-05-31,42.0,25.8,33.2,3.3,40.6,97.4
446,446,2018-06-01,40.0,27.0,32.0,12.4,18.4,138.7
447,447,2018-06-02,38.0,26.4,32.8,1.8,33.3,122.1
448,448,2018-06-03,41.0,26.6,34.1,3.0,18.4,192.1
449,449,2018-06-04,42.0,26.6,33.0,7.5,18.4,164.5
450,450,2018-06-05,40.0,25.0,31.5,9.0,31.4,180.4
451,451,2018-06-06,40.0,27.3,33.2,3.6,14.8,209.7
452,452,2018-06-07,36.0,25.6,30.4,6.1,16.6,151.8
453,453,2018-06-08,36.0,25.0,28.7,6.5,24.1,136.4
454,454,2018-06-09,34.0,24.0,28.9,18.5,18.4,179.9
455,455,2018-06-10,33.0,24.0,26.4,28.5,18.4,226.8
456,456,2018-06-11,36.0,25.0,28.6,15.8,27.7,245.1
457,457,2018-06-12,35.0,25.0,30.3,0.3,27.7,225.0
458,458,2018-06-13,37.0,28.0,32.4,0.0,22.3,230.0
459,459,2018-06-14,39.1,28.9,33.5,0.0,22.3,242.8
460,460,2018-06-15,39.0,28.4,33.7,0.0,24.1,230.6
461,461,2018-06-16,39.0,28.8,33.7,0.0,18.4,241.9
462,462,2018-06-17,38.0,28.6,33.2,0.0,22.3,228.1
463,463,2018-06-18,35.0,25.1,29.6,12.0,18.4,210.7
464,464,2018-06-19,37.0,25.6,29.8,5.8,27.7,192.2
465,465,2018-06-20,37.0,26.3,31.4,1.2,16.6,185.9
466,466,2018-06-21,37.0,25.6,31.6,9.0,14.8,217.1
467,467,2018-06-22,31.0,25.4,28.0,1.8,18.4,157.6
468,468,2018-06-23,35.0,25.6,30.4,1.0,14.8,143.7
469,469,2018-06-24,35.0,26.0,30.8,0.6,16.6,175.6
470,470,2018-06-25,35.0,27.0,31.3,0.6,16.6,178.4
471,471,2018-06-26,32.0,26.2,28.9,5.8,22.3,212.5
472,472,2018-06-27,27.0,24.9,25.9,11.8,14.8,198.9
473,473,2018-06-28,28.0,23.0,25.1,55.7,13.0,188.5
474,474,2018-06-29,32.4,22.8,26.4,3.2,105.5,155.2
475,475,2018-06-30,33.3,23.8,28.4,3.7,16.6,177.4
476,476,2018-07-01,33.3,25.6,28.6,15.0,14.8,183.6
477,477,2018-07-02,30.0,24.8,26.4,3.2,16.5,170.5
478,478,2018-07-03,33.0,25.6,28.6,11.1,18.4,195.0
479,479,2018-07-04,33.3,23.9,27.9,6.6,22.3,207.9
480,480,2018-07-05,32.0,22.9,26.2,21.8,18.3,180.9
481,481,2018-07-06,25.0,24.0,24.8,96.6,16.6,211.3
482,482,2018-07-07,32.0,23.8,27.6,17.7,16.6,240.1
483,483,2018-07-08,32.0,24.6,28.3,41.3,16.6,196.3
484,484,2018-07-09,28.0,24.0,26.5,8.1,20.9,189.1
485,485,2018-07-10,28.0,25.8,26.6,15.8,14.8,183.2
486,486,2018-07-11,28.1,25.1,26.6,21.6,25.6,220.7
487,487,2018-07-12,28.0,24.9,26.2,21.9,20.2,183.1
488,488,2018-07-13,31.0,24.3,27.4,3.8,25.9,194.2
489,489,2018-07-14,31.0,23.7,28.0,4.5,22.7,192.5
490,490,2018-07-15,31.0,26.0,27.8,14.3,20.5,172.3
491,491,2018-07-16,28.0,25.0,26.4,31.2,25.9,166.8
492,492,2018-07-17,29.0,24.0,26.4,13.1,22.3,170.7
493,493,2018-07-18,31.0,26.0,27.9,2.4,18.4,170.6
494,494,2018-07-19,31.0,25.3,28.0,1.4,24.8,178.0
495,495,2018-07-20,31.0,25.8,28.3,1.3,18.4,201.4
496,496,2018-07-21,29.0,25.8,27.0,4.8,13.0,231.8
497,497,2018-07-22,28.0,24.0,26.3,16.8,18.4,220.5
498,498,2018-07-23,28.0,23.8,25.5,8.3,24.1,213.5
499,499,2018-07-24,29.0,25.0,26.3,0.2,22.3,213.6
500,500,2018-07-25,29.0,24.8,26.7,1.1,24.1,221.1
501,501,2018-07-26,29.0,24.0,25.4,1.3,22.3,262.7
502,502,2018-07-27,29.0,24.4,26.2,2.7,18.4,271.7
503,503,2018-07-28,32.0,24.7,27.9,1.6,14.8,272.2
504,504,2018-07-29,32.0,25.0,28.3,0.0,13.0,314.6
505,505,2018-07-30,33.0,25.0,28.7,0.0,18.3,303.6
506,506,2018-07-31,32.0,25.3,28.4,0.0,22.3,302.3
507,507,2018-08-01,34.0,23.7,28.9,0.0,16.5,291.7
508,508,2018-08-02,33.0,26.0,29.5,0.0,16.6,297.4
509,509,2018-08-03,33.0,25.0,29.2,0.0,18.4,302.1
510,510,2018-08-04,35.0,25.0,29.3,0.0,12.9,298.6
511,511,2018-08-05,33.0,26.0,29.1,0.0,20.5,278.5
512,512,2018-08-06,32.3,25.0,28.6,0.4,18.4,283.6
513,513,2018-08-07,31.0,25.9,28.1,1.8,14.7,284.9
514,514,2018-08-08,28.0,24.0,26.1,3.9,22.0,254.2
515,515,2018-08-09,29.0,24.8,27.0,3.2,11.2,246.0
516,516,2018-08-10,30.0,25.8,27.7,3.0,11.2,262.9
517,517,2018-08-11,30.0,25.0,27.4,28.2,29.5,275.1
518,518,2018-08-12,29.0,25.0,26.3,15.7,14.8,222.6
519,519,2018-08-13,32.0,23.9,28.2,3.7,12.2,227.3
520,520,2018-08-14,32.0,24.2,28.4,2.0,16.6,249.7
521,521,2018-08-15,30.0,25.8,27.7,56.5,7.6,252.3
522,522,2018-08-16,30.2,25.6,27.4,26.0,11.2,357.0
523,523,2018-08-17,30.0,24.8,26.9,6.6,5.4,39.4
524,524,2018-08-18,30.0,24.6,27.0,4.1,14.8,226.2
525,525,2018-08-19,31.0,25.0,27.1,8.0,9.4,237.0
526,526,2018-08-20,30.0,24.8,26.3,61.6,28.4,223.3
527,527,2018-08-21,26.1,23.4,24.8,17.3,31.7,227.3
528,528,2018-08-22,28.1,23.1,25.7,0.2,18.2,225.7
529,529,2018-08-23,28.0,24.8,26.3,0.0,14.8,257.5
530,530,2018-08-24,30.0,24.6,26.7,0.9,14.8,269.7
531,531,2018-08-25,31.0,24.0,27.4,0.0,13.0,270.5
532,532,2018-08-26,31.0,23.8,26.8,13.0,13.0,262.0
533,533,2018-08-27,26.1,24.0,24.8,10.7,14.8,246.4
534,534,2018-08-28,25.0,24.0,24.5,11.7,9.4,255.7
535,535,2018-08-29,28.0,23.8,25.5,5.1,13.0,252.1
536,536,2018-08-30,30.3,24.6,26.7,0.8,19.4,271.8
537,537,2018-08-31,28.0,24.0,26.3,2.5,11.2,262.6
538,538,2018-09-01,28.0,24.6,26.1,4.6,14.8,271.2
539,539,2018-09-02,30.0,23.8,26.0,5.1,11.2,246.7
540,540,2018-09-03,30.0,23.8,26.7,2.8,14.7,254.3
541,541,2018-09-04,30.0,22.6,26.2,1.5,12.2,265.1
542,542,2018-09-05,29.6,23.0,26.3,0.0,13.0,263.5
543,543,2018-09-06,26.0,23.0,24.3,6.2,21.6,259.5
544,544,2018-09-07,26.0,21.8,24.1,22.6,18.4,256.1
545,545,2018-09-08,30.4,21.8,25.7,0.0,14.8,223.2
546,546,2018-09-09,32.0,22.4,26.9,0.0,14.8,228.4
547,547,2018-09-10,32.0,22.5,27.6,0.0,9.4,285.2
548,548,2018-09-11,33.0,23.0,27.6,0.0,11.1,261.8
549,549,2018-09-12,33.0,22.6,28.2,0.7,18.4,260.6
550,550,2018-09-13,33.0,23.0,27.7,0.0,11.2,263.6
551,551,2018-09-14,34.0,21.9,28.1,0.0,13.0,280.1
552,552,2018-09-15,34.0,23.9,29.1,0.0,9.7,323.9
553,553,2018-09-16,33.0,24.2,28.0,0.0,13.2,335.5
554,554,2018-09-17,33.4,24.4,29.1,0.9,7.6,345.0
555,555,2018-09-18,35.0,24.4,28.9,0.0,59.0,1.2
556,556,2018-09-19,34.0,23.4,28.8,1.0,14.8,356.2
557,557,2018-09-20,34.2,22.4,28.9,2.3,16.9,356.6
558,558,2018-09-21,29.0,24.6,26.5,41.6,22.7,352.1
559,559,2018-09-22,29.0,23.8,25.8,9.0,33.5,162.8
560,560,2018-09-23,31.0,24.0,27.3,0.0,14.8,164.3
561,561,2018-09-24,33.0,23.6,27.7,4.5,13.0,197.2
562,562,2018-09-25,33.0,24.0,28.1,0.4,9.3,317.5
563,563,2018-09-26,34.2,25.0,29.0,0.0,11.2,332.1
564,564,2018-09-27,33.0,23.4,28.3,0.0,7.6,152.2
565,565,2018-09-28,34.0,24.0,28.8,0.0,5.4,338.0
566,566,2018-09-29,34.0,24.7,29.3,0.0,5.4,320.4
567,567,2018-09-30,34.0,22.8,28.8,0.0,7.6,17.2
568,568,2018-10-01,34.8,23.5,28.4,0.0,7.6,53.4
569,569,2018-10-02,34.0,23.0,28.4,0.0,5.4,100.0
570,570,2018-10-03,35.0,23.0,28.3,0.0,7.6,94.1
571,571,2018-10-04,34.0,23.7,28.4,0.0,7.6,104.7
572,572,2018-10-05,34.0,21.7,28.2,0.0,7.6,114.2
573,573,2018-10-06,34.0,22.4,28.1,0.0,8.3,32.4
574,574,2018-10-07,34.1,22.9,28.4,0.0,7.6,81.1
575,575,2018-10-08,35.0,21.9,28.5,0.0,7.6,177.4
576,576,2018-10-09,35.0,21.9,28.1,0.0,7.6,14.8
577,577,2018-10-10,33.0,22.0,27.4,0.0,9.3,20.1
578,578,2018-10-11,32.0,21.5,27.3,0.0,22.3,1.7
579,579,2018-10-12,33.0,23.0,27.4,0.0,16.9,5.7
580,580,2018-10-13,32.0,23.1,27.3,0.0,9.3,34.9
581,581,2018-10-14,33.0,21.7,27.1,0.0,7.5,12.6
582,582,2018-10-15,34.0,22.0,26.8,0.0,7.6,45.6
583,583,2018-10-16,33.4,18.9,26.3,0.0,5.4,102.4
584,584,2018-10-17,34.1,20.2,27.1,0.0,7.6,103.2
585,585,2018-10-18,34.0,21.9,27.2,0.0,8.6,176.8
586,586,2018-10-19,34.0,21.7,27.4,0.0,5.4,149.6
587,587,2018-10-20,35.0,21.1,27.9,0.0,5.4,104.4
588,588,2018-10-21,35.0,20.9,27.7,0.0,7.6,195.2
589,589,2018-10-22,35.3,22.0,28.1,0.0,13.0,273.8
590,590,2018-10-23,33.5,19.0,26.1,0.0,7.6,41.6
591,591,2018-10-24,33.0,18.8,25.8,0.0,5.4,57.7
592,592,2018-10-25,34.0,18.1,25.5,0.0,11.5,144.1
593,593,2018-10-26,34.0,17.3,25.8,0.0,10.1,184.6
594,594,2018-10-27,34.0,20.0,26.1,0.0,10.8,13.6
595,595,2018-10-28,31.0,19.0,25.2,0.0,3.6,66.7
596,596,2018-10-29,30.0,17.6,24.5,0.0,15.5,39.1
597,597,2018-10-30,30.0,20.0,24.5,0.0,14.7,27.7
598,598,2018-10-31,31.0,16.9,25.2,0.0,14.8,54.2
599,599,2018-11-01,31.2,20.7,26.3,0.0,7.6,60.5
600,600,2018-11-02,32.0,21.0,26.1,0.0,11.2,72.8
601,601,2018-11-03,33.0,20.0,26.4,0.0,9.4,66.9
602,602,2018-11-04,33.3,20.4,26.8,0.0,7.6,173.7
603,603,2018-11-05,33.0,21.3,27.3,0.0,9.3,204.0
604,604,2018-11-06,33.0,22.0,27.3,0.0,5.4,342.7
605,605,2018-11-07,31.0,20.1,25.2,0.0,7.6,47.4
606,606,2018-11-08,32.0,16.0,23.9,0.0,7.6,35.0
607,607,2018-11-09,32.0,16.3,23.9,0.0,5.4,49.9
608,608,2018-11-10,31.5,16.0,24.0,0.0,5.4,40.3
609,609,2018-11-11,31.0,13.9,22.6,0.0,7.6,30.2
610,610,2018-11-12,31.0,15.0,22.9,0.0,7.6,38.2
611,611,2018-11-13,32.0,13.9,22.8,0.0,5.4,40.2
612,612,2018-11-14,32.0,15.0,23.3,0.0,11.1,47.4
613,613,2018-11-15,33.0,15.9,23.9,0.0,5.4,74.3
614,614,2018-11-16,33.0,15.5,24.0,0.0,5.4,75.0
615,615,2018-11-17,32.8,17.0,24.3,0.0,9.4,118.0
616,616,2018-11-18,32.0,17.0,24.7,0.0,5.4,41.9
617,617,2018-11-19,33.0,19.0,25.4,0.0,5.4,118.2
618,618,2018-11-20,32.0,20.0,25.7,0.0,5.4,77.2
619,619,2018-11-21,32.0,18.0,24.7,0.0,9.3,66.1
620,620,2018-11-22,31.0,16.7,23.8,0.0,5.4,43.9
621,621,2018-11-23,31.0,15.5,23.1,0.0,10.8,78.4
622,622,2018-11-24,31.1,18.0,23.5,0.0,7.6,30.7
623,623,2018-11-25,30.8,15.0,22.3,0.0,7.2,43.3
624,624,2018-11-26,30.8,15.0,21.5,0.0,5.8,30.7
625,625,2018-11-27,30.0,13.5,21.3,0.0,7.2,103.7
626,626,2018-11-28,29.3,14.1,21.2,0.0,9.7,82.6
627,627,2018-11-29,29.0,14.5,21.6,0.0,9.4,77.6
628,628,2018-11-30,31.2,14.7,21.7,0.0,8.3,31.3
629,629,2018-12-01,28.0,16.0,21.3,0.0,7.6,36.5
630,630,2018-12-02,28.0,15.0,21.3,0.0,5.4,66.2
631,631,2018-12-03,28.2,14.1,21.1,0.0,5.4,61.8
632,632,2018-12-04,28.0,15.0,21.6,0.0,9.4,54.8
633,633,2018-12-05,27.0,14.7,21.4,0.0,5.4,77.2
634,634,2018-12-06,28.0,16.0,21.2,0.0,5.4,58.3
635,635,2018-12-07,28.0,17.5,22.3,0.0,9.4,65.7
636,636,2018-12-08,28.0,16.5,22.5,0.0,10.8,71.7
637,637,2018-12-09,26.0,17.5,21.8,1.4,9.3,73.2
638,638,2018-12-10,27.0,19.0,22.6,7.8,5.4,126.8
639,639,2018-12-11,27.0,18.9,22.5,0.0,7.6,2.2
640,640,2018-12-12,28.0,13.1,20.9,0.0,7.6,41.4
641,641,2018-12-13,28.3,15.0,21.4,0.2,9.4,54.7
642,642,2018-12-14,27.0,16.0,21.3,0.0,11.2,33.1
643,643,2018-12-15,26.0,14.7,20.2,0.0,13.0,30.1
644,644,2018-12-16,25.0,15.0,20.0,0.0,14.7,43.5
645,645,2018-12-17,22.0,16.6,19.1,8.8,14.8,46.0
646,646,2018-12-18,23.3,14.1,18.3,0.6,11.2,28.9
647,647,2018-12-19,26.6,12.0,18.1,0.0,8.3,45.3
648,648,2018-12-20,25.0,11.0,17.9,0.0,9.4,59.6
649,649,2018-12-21,26.0,11.5,18.0,0.0,9.4,46.3
650,650,2018-12-22,26.5,9.2,17.9,0.0,9.3,64.8
651,651,2018-12-23,26.6,11.0,18.5,0.0,3.6,55.9
652,652,2018-12-24,27.5,10.5,18.9,0.0,8.3,57.2
653,653,2018-12-25,27.4,13.0,19.6,0.0,5.4,74.0
654,654,2018-12-26,29.2,13.5,21.1,0.0,9.4,147.7
655,655,2018-12-27,26.0,13.9,20.3,0.0,13.8,348.1
656,656,2018-12-28,24.0,10.0,16.8,0.0,14.8,11.5
657,657,2018-12-29,25.4,5.6,14.9,0.0,13.3,58.2
658,658,2018-12-30,24.0,6.5,15.6,0.0,7.6,65.0
659,659,2018-12-31,27.4,9.0,17.3,0.0,10.1,42.7
660,660,2019-01-01,28.0,9.2,18.5,0.0,7.6,49.9
661,661,2019-01-02,30.0,11.0,19.5,0.0,7.6,104.5
662,662,2019-01-03,29.0,11.3,19.8,0.0,7.5,64.7
663,663,2019-01-04,27.0,8.7,18.9,0.0,5.4,69.2
664,664,2019-01-05,28.7,12.0,20.1,0.0,5.4,103.2
665,665,2019-01-06,28.4,13.0,20.5,0.0,14.8,180.9
666,666,2019-01-07,27.0,14.6,20.5,0.0,11.1,21.5
667,667,2019-01-08,25.4,11.0,17.6,0.0,9.4,42.1
668,668,2019-01-09,26.0,10.7,18.0,0.0,7.6,44.9
669,669,2019-01-10,27.0,11.0,18.5,0.0,11.2,49.7
670,670,2019-01-11,28.0,11.5,19.2,0.0,9.4,121.5
671,671,2019-01-12,29.0,13.0,20.5,0.0,11.2,116.1
672,672,2019-01-13,28.0,15.0,21.6,0.0,9.4,141.1
673,673,2019-01-14,26.0,17.5,21.3,0.0,9.4,28.5
674,674,2019-01-15,26.3,12.0,19.3,0.0,11.2,19.9
675,675,2019-01-16,27.7,12.0,19.0,0.0,7.6,55.7
676,676,2019-01-17,29.0,11.2,20.5,0.0,5.4,49.3
677,677,2019-01-18,30.0,12.1,20.7,0.0,9.4,64.5
678,678,2019-01-19,29.4,13.6,20.8,0.0,34.8,37.9
679,679,2019-01-20,31.0,10.9,21.2,0.0,9.4,74.6
680,680,2019-01-21,32.0,11.0,21.7,0.0,11.8,149.8
681,681,2019-01-22,30.7,16.0,22.8,0.0,24.1,189.2
682,682,2019-01-23,29.0,15.9,22.3,0.0,18.3,181.0
683,683,2019-01-24,29.0,16.1,23.1,0.3,13.0,126.1
684,684,2019-01-25,22.0,16.8,19.0,14.7,15.1,63.2
685,685,2019-01-26,22.0,17.0,19.2,10.8,13.0,39.5
686,686,2019-01-27,24.0,16.0,19.3,0.1,14.8,31.2
687,687,2019-01-28,24.0,13.1,17.9,0.0,13.0,16.2
688,688,2019-01-29,24.0,10.2,16.6,0.0,14.8,7.0
689,689,2019-01-30,24.0,6.9,15.9,0.0,11.2,72.1
690,690,2019-01-31,28.0,8.5,18.8,0.0,7.5,102.2
691,691,2019-02-01,28.0,12.5,20.4,0.0,8.3,103.6
692,692,2019-02-02,29.0,15.0,21.2,0.0,13.0,142.2
693,693,2019-02-03,30.0,13.0,21.0,0.0,11.1,84.6
694,694,2019-02-04,30.1,15.0,22.1,0.0,11.2,73.7
695,695,2019-02-05,30.3,13.7,22.1,0.0,11.2,90.6
696,696,2019-02-06,31.0,13.2,22.9,0.0,16.5,150.7
697,697,2019-02-07,31.0,18.9,24.6,0.0,24.1,205.3
698,698,2019-02-08,29.0,17.0,23.2,0.0,18.4,302.6
699,699,2019-02-09,24.0,13.0,19.0,0.0,18.4,9.8
700,700,2019-02-10,26.0,10.0,18.2,0.0,17.3,49.9
701,701,2019-02-11,30.0,10.2,20.6,0.0,7.6,58.6
702,702,2019-02-12,31.0,12.9,22.7,0.0,11.5,76.9
703,703,2019-02-13,33.0,15.0,24.2,0.0,7.6,84.3
704,704,2019-02-14,34.0,13.6,24.6,0.0,14.8,169.8
705,705,2019-02-15,33.0,19.0,25.4,6.4,16.5,233.0
706,706,2019-02-16,29.0,19.6,24.2,0.2,9.4,63.4
707,707,2019-02-17,30.0,17.0,22.9,0.0,11.2,15.2
708,708,2019-02-18,32.0,13.0,23.0,0.0,7.6,72.0
709,709,2019-02-19,35.4,16.3,25.5,0.0,13.0,127.2
710,710,2019-02-20,34.0,19.0,26.9,0.0,7.6,98.2
711,711,2019-02-21,35.0,21.3,28.0,0.0,14.8,174.1
712,712,2019-02-22,36.0,20.5,29.2,0.0,24.1,243.0
713,713,2019-02-23,36.2,21.1,28.5,0.0,11.2,342.8
714,714,2019-02-24,37.0,21.1,28.9,0.0,24.0,238.1
715,715,2019-02-25,34.0,21.0,27.2,0.0,22.3,292.5
716,716,2019-02-26,33.0,17.7,26.2,0.0,14.8,292.3
717,717,2019-02-27,32.0,16.5,25.5,0.0,18.4,289.8
718,718,2019-02-28,29.0,17.6,23.8,0.0,14.8,37.2
719,719,2019-03-01,31.0,17.1,23.9,0.0,11.2,58.0
720,720,2019-03-02,32.0,17.0,25.7,0.0,13.0,119.1
721,721,2019-03-03,35.0,22.0,27.4,1.4,14.7,94.1
722,722,2019-03-04,35.0,21.2,28.1,0.0,18.4,315.0
723,723,2019-03-05,33.0,22.8,27.2,0.0,16.5,312.1
724,724,2019-03-06,32.0,19.9,25.7,0.0,11.2,6.3
725,725,2019-03-07,32.0,18.1,25.3,0.0,9.4,60.1
726,726,2019-03-08,34.0,16.5,26.1,0.0,9.4,62.6
727,727,2019-03-09,37.0,17.7,28.0,0.0,14.8,277.4
728,728,2019-03-10,37.0,18.7,28.6,0.0,18.4,253.9
729,729,2019-03-11,39.0,20.0,29.8,0.0,14.7,310.0
730,730,2019-03-12,38.0,21.9,30.3,0.0,12.9,4.3
731,731,2019-03-13,37.0,22.8,30.9,0.0,13.3,172.3
732,732,2019-03-14,35.0,24.0,29.3,0.3,9.4,65.1
733,733,2019-03-15,36.0,22.8,29.5,0.0,16.6,27.6
734,734,2019-03-16,37.0,24.0,29.5,0.0,14.8,66.7
735,735,2019-03-17,38.0,23.0,30.3,0.0,22.3,193.7
736,736,2019-03-18,33.0,22.0,27.5,0.8,13.0,76.2
737,737,2019-03-19,35.0,22.8,29.1,0.0,14.8,103.7
738,738,2019-03-20,36.0,23.0,28.7,3.3,22.2,129.0
739,739,2019-03-21,34.0,21.6,27.8,0.7,11.2,149.6
740,740,2019-03-22,36.0,22.8,30.0,0.0,9.4,58.7
741,741,2019-03-23,36.0,24.0,30.3,0.0,11.1,44.0
742,742,2019-03-24,37.2,22.0,30.2,0.0,9.4,70.3
743,743,2019-03-25,39.0,20.0,30.6,0.0,9.4,86.1
744,744,2019-03-26,40.0,24.0,31.9,0.0,9.4,35.0
745,745,2019-03-27,38.0,25.0,31.3,0.0,9.4,47.7
746,746,2019-03-28,38.0,21.7,30.8,0.0,9.4,59.7
747,747,2019-03-29,41.0,22.3,32.0,0.0,7.6,75.6
748,748,2019-03-30,42.0,24.0,33.8,0.0,18.4,209.9
749,749,2019-03-31,41.7,25.3,34.6,0.0,13.3,285.4
750,750,2019-04-01,40.0,25.0,34.1,0.0,14.8,10.5
751,751,2019-04-02,40.0,24.4,33.0,0.0,11.2,59.7
752,752,2019-04-03,41.0,25.0,33.4,0.0,13.0,107.2
753,753,2019-04-04,40.0,26.4,32.2,0.0,24.1,200.6
754,754,2019-04-05,41.0,29.0,34.1,0.3,23.8,249.7
755,755,2019-04-06,42.0,27.0,34.9,0.0,18.4,334.6
756,756,2019-04-07,41.0,25.0,33.6,0.0,11.2,216.2
757,757,2019-04-08,41.3,27.0,34.3,0.0,13.0,313.3
758,758,2019-04-09,42.0,26.0,34.6,0.0,20.5,284.5
759,759,2019-04-10,43.0,25.0,34.0,0.0,22.3,289.1
760,760,2019-04-11,43.0,26.6,34.2,0.1,16.6,190.0
761,761,2019-04-12,41.3,25.4,34.2,0.8,18.4,142.9
762,762,2019-04-13,42.2,26.7,34.8,0.3,15.5,223.6
763,763,2019-04-14,43.0,28.0,35.6,0.0,11.2,155.2
764,764,2019-04-15,40.9,29.0,34.9,0.0,27.7,234.1
765,765,2019-04-16,37.0,24.5,29.8,1.6,31.7,263.9
766,766,2019-04-17,36.0,23.0,29.0,1.4,16.6,39.5
767,767,2019-04-18,37.0,27.0,31.9,0.0,13.0,352.1
768,768,2019-04-19,39.0,24.0,32.5,0.0,14.8,339.9
769,769,2019-04-20,39.0,25.0,32.4,0.4,11.1,89.8
770,770,2019-04-21,39.0,25.0,31.8,0.0,14.8,96.1
771,771,2019-04-22,40.0,24.0,32.6,0.4,14.8,96.0
772,772,2019-04-23,42.0,27.0,34.6,0.0,9.4,106.9
773,773,2019-04-24,43.0,26.0,35.0,0.0,11.2,151.9
774,774,2019-04-25,43.0,29.6,36.4,0.0,18.3,128.9
775,775,2019-04-26,45.0,31.0,37.8,0.0,11.2,319.1
776,776,2019-04-27,45.0,29.0,37.4,0.0,9.4,347.7
777,777,2019-04-28,44.0,30.0,37.2,0.0,11.2,66.8
778,778,2019-04-29,44.0,28.0,37.2,0.0,14.8,141.7
779,779,2019-04-30,45.0,30.6,38.2,0.0,18.4,242.7
780,780,2019-05-01,44.0,30.0,37.7,0.0,18.4,289.2
781,781,2019-05-02,43.0,30.8,36.7,0.0,14.7,301.1
782,782,2019-05-03,42.2,27.0,35.4,0.0,20.5,255.2
783,783,2019-05-04,43.0,31.0,36.6,0.0,20.5,288.2
784,784,2019-05-05,41.6,30.8,35.9,0.0,22.3,275.3
785,785,2019-05-06,41.0,29.0,35.9,0.0,18.3,286.9
786,786,2019-05-07,43.0,32.0,38.0,0.0,24.1,277.4
787,787,2019-05-08,44.0,32.8,38.1,0.0,25.8,286.1
788,788,2019-05-09,43.7,30.8,37.5,0.0,25.9,281.6
789,789,2019-05-10,43.0,31.0,36.8,0.0,18.3,292.1
790,790,2019-05-11,43.0,31.0,36.8,0.0,22.3,270.5
791,791,2019-05-12,43.0,30.0,36.7,0.0,23.1,275.2
792,792,2019-05-13,43.0,29.0,37.0,0.0,24.0,265.3
793,793,2019-05-14,42.2,31.0,36.9,0.0,22.3,253.2
794,794,2019-05-15,43.0,29.8,37.5,0.0,11.2,286.3
795,795,2019-05-16,43.7,31.0,37.4,0.0,20.5,255.8
796,796,2019-05-17,44.0,31.0,37.6,0.0,22.3,279.3
797,797,2019-05-18,42.4,31.3,37.2,0.0,24.5,312.3
798,798,2019-05-19,42.0,29.0,36.5,0.0,12.9,301.9
799,799,2019-05-20,43.0,29.7,37.4,0.0,9.4,11.4
800,800,2019-05-21,45.0,31.3,38.4,0.0,13.0,56.3
801,801,2019-05-22,45.0,31.8,38.7,1.5,18.4,240.5
802,802,2019-05-23,45.8,32.1,38.9,0.0,13.0,236.6
803,803,2019-05-24,44.0,32.0,38.7,0.0,20.4,249.8
804,804,2019-05-25,44.7,32.8,38.8,0.0,20.5,293.0
805,805,2019-05-26,45.0,33.0,38.9,0.0,20.5,295.6
806,806,2019-05-27,45.2,33.0,39.7,0.0,20.4,292.3
807,807,2019-05-28,46.0,33.8,39.7,0.0,22.3,280.3
808,808,2019-05-29,45.3,31.6,38.3,0.0,18.3,49.6
809,809,2019-05-30,44.0,32.0,37.6,0.0,22.3,154.8
810,810,2019-05-31,45.0,33.8,39.3,0.4,18.4,183.5
811,811,2019-06-01,43.0,33.3,37.3,0.5,46.2,162.9
812,812,2019-06-02,45.2,30.2,38.7,0.0,16.6,244.9
813,813,2019-06-03,44.0,31.8,37.5,0.5,18.4,222.7
814,814,2019-06-04,45.0,30.6,37.0,1.4,22.3,239.3
815,815,2019-06-05,47.0,31.8,38.4,0.0,20.5,307.3
816,816,2019-06-06,46.3,32.9,39.3,0.0,16.6,266.8
817,817,2019-06-07,45.0,32.0,37.3,0.0,22.3,223.1
818,818,2019-06-08,42.0,29.8,34.4,0.3,27.6,258.9
819,819,2019-06-09,43.0,28.8,35.6,0.3,20.5,305.0
820,820,2019-06-10,45.0,31.0,36.9,1.3,22.3,278.1
821,821,2019-06-11,44.0,31.4,37.6,0.5,22.3,239.8
822,822,2019-06-12,42.0,33.0,37.7,0.0,20.5,237.2
823,823,2019-06-13,41.3,32.0,36.8,0.0,133.6,264.2
824,824,2019-06-14,42.0,32.4,36.7,0.0,20.5,268.9
825,825,2019-06-15,41.0,29.4,35.1,1.2,22.3,291.6
826,826,2019-06-16,40.7,30.8,35.2,1.0,27.7,343.2
827,827,2019-06-17,40.0,32.4,35.2,0.7,27.6,331.5
828,828,2019-06-18,40.0,31.0,35.5,0.0,18.4,287.5
829,829,2019-06-19,40.5,31.0,35.9,0.0,18.4,292.5
830,830,2019-06-20,39.0,30.0,34.0,5.4,22.3,342.4
831,831,2019-06-21,41.0,27.0,33.1,1.0,13.0,191.8
832,832,2019-06-22,39.0,26.0,30.9,5.7,18.4,231.3
833,833,2019-06-23,35.0,24.8,28.3,12.1,18.4,269.6
834,834,2019-06-24,35.0,25.0,29.8,0.2,9.4,231.1
835,835,2019-06-25,38.0,28.4,33.5,0.0,14.8,223.9
836,836,2019-06-26,39.0,29.0,33.0,1.3,25.9,277.5
837,837,2019-06-27,37.0,26.0,31.7,4.4,27.7,302.2
838,838,2019-06-28,34.0,26.8,29.4,18.2,21.6,188.5
839,839,2019-06-29,35.0,25.0,28.1,15.7,16.6,247.5
840,840,2019-06-30,33.0,23.8,28.2,40.3,22.3,257.7
841,841,2019-07-01,31.6,23.8,27.2,24.8,19.8,264.1
842,842,2019-07-02,30.0,22.0,26.5,27.8,20.5,198.8
843,843,2019-07-03,28.0,23.8,25.7,6.1,24.1,245.3
844,844,2019-07-04,29.7,24.8,27.3,8.3,164.9,253.7
845,845,2019-07-05,29.0,25.8,27.4,13.1,27.7,259.3
846,846,2019-07-06,31.1,24.8,26.5,3.2,27.7,254.0
847,847,2019-07-07,31.0,24.8,27.7,4.5,22.3,246.7
848,848,2019-07-08,32.0,26.0,28.2,7.8,22.3,256.3
849,849,2019-07-09,33.0,25.6,28.3,16.2,24.1,244.3
850,850,2019-07-10,33.0,25.0,29.0,5.8,18.3,216.8
851,851,2019-07-11,33.5,26.0,29.6,0.3,16.5,230.1
852,852,2019-07-12,35.0,26.0,30.5,0.0,20.4,247.5
853,853,2019-07-13,36.0,26.8,31.3,0.0,25.8,254.0
854,854,2019-07-14,36.0,27.8,30.8,1.3,20.5,274.1
855,855,2019-07-15,36.0,26.0,31.1,0.4,25.7,257.7
856,856,2019-07-16,37.0,28.0,32.5,0.0,18.4,276.6
857,857,2019-07-17,38.0,28.0,33.1,0.0,14.8,299.7
858,858,2019-07-18,38.0,24.8,31.3,5.1,14.8,341.3
859,859,2019-07-19,35.0,24.8,28.6,4.3,18.4,278.3
860,860,2019-07-20,34.0,24.8,28.2,9.1,11.2,42.4
861,861,2019-07-21,32.0,26.0,28.5,4.0,9.4,159.1
862,862,2019-07-22,34.0,26.0,29.8,1.2,13.0,171.4
863,863,2019-07-23,35.0,27.0,30.7,0.0,11.2,187.1
864,864,2019-07-24,36.0,27.0,30.6,0.5,14.8,227.1
865,865,2019-07-25,34.0,24.0,28.6,36.1,18.4,243.4
866,866,2019-07-26,29.0,24.0,26.2,11.5,16.6,236.9
867,867,2019-07-27,28.0,23.0,25.0,22.8,20.5,240.4
868,868,2019-07-28,26.0,23.0,24.8,23.5,18.3,248.0
869,869,2019-07-29,28.0,24.0,25.4,26.9,18.4,267.7
870,870,2019-07-30,25.0,23.0,24.2,93.0,18.4,234.7
871,871,2019-07-31,25.0,22.8,23.6,22.3,24.0,238.9
872,872,2019-08-01,27.4,23.8,25.4,4.1,16.6,237.1
873,873,2019-08-02,27.0,24.0,25.2,31.0,18.4,252.5
874,874,2019-08-03,26.0,24.0,25.1,31.4,25.7,220.7
875,875,2019-08-04,29.0,24.0,25.9,8.1,25.7,213.3
876,876,2019-08-05,28.0,24.0,26.0,3.5,18.4,239.9
877,877,2019-08-06,28.4,25.0,26.5,13.0,18.3,257.8
878,878,2019-08-07,27.3,24.0,25.6,17.7,27.7,265.8
879,879,2019-08-08,25.0,23.0,24.0,46.9,25.9,245.0
880,880,2019-08-09,27.3,23.0,24.8,12.6,22.3,209.3
881,881,2019-08-10,30.0,24.0,26.6,2.7,18.4,213.8
882,882,2019-08-11,32.0,25.0,27.8,0.8,14.8,264.5
883,883,2019-08-12,32.4,25.0,28.4,4.0,18.4,278.3
884,884,2019-08-13,28.0,25.0,26.0,43.7,18.4,265.6
885,885,2019-08-14,26.2,24.0,25.1,21.7,14.8,248.5
886,886,2019-08-15,30.0,24.0,26.8,0.8,20.5,223.5
887,887,2019-08-16,31.0,24.0,27.6,0.0,18.4,220.5
888,888,2019-08-17,31.9,24.0,27.8,0.2,11.1,233.1
889,889,2019-08-18,32.0,25.0,28.3,1.3,18.4,282.3
890,890,2019-08-19,32.0,24.3,26.8,13.0,16.6,263.1
891,891,2019-08-20,31.0,24.0,27.1,7.2,22.3,289.0
892,892,2019-08-21,31.0,25.0,27.5,4.7,22.2,293.3
893,893,2019-08-22,32.0,24.0,27.0,16.3,22.3,298.0
894,894,2019-08-23,31.2,24.3,27.2,7.3,22.3,292.2
895,895,2019-08-24,29.0,25.0,26.0,11.9,22.3,266.5
896,896,2019-08-25,26.3,24.0,25.0,17.2,14.8,253.4
897,897,2019-08-26,27.0,23.8,25.1,30.2,17.6,242.3
898,898,2019-08-27,27.2,23.0,24.7,1.8,16.6,234.8
899,899,2019-08-28,30.3,23.0,26.3,0.4,13.0,222.1
900,900,2019-08-29,30.0,25.0,26.5,7.4,11.2,300.2
901,901,2019-08-30,31.5,25.0,26.5,12.6,11.7,262.8
902,902,2019-08-31,31.9,25.0,26.2,22.0,16.6,238.1
903,903,2019-09-01,30.0,24.0,26.6,11.7,14.0,194.8
904,904,2019-09-02,28.3,24.0,25.9,11.2,13.0,248.9
905,905,2019-09-03,29.0,24.0,25.4,27.2,11.2,240.6
906,906,2019-09-04,28.0,24.0,25.2,20.9,9.4,264.0
907,907,2019-09-05,31.0,24.0,26.6,51.9,11.2,236.2
908,908,2019-09-06,28.6,24.0,25.7,52.0,19.4,255.0
909,909,2019-09-07,29.0,25.0,26.6,15.6,20.5,250.2
910,910,2019-09-08,27.0,25.0,25.6,16.4,13.0,246.5
911,911,2019-09-09,30.0,24.0,26.0,4.4,18.4,220.8
912,912,2019-09-10,30.0,24.0,26.7,2.4,14.8,225.8
913,913,2019-09-11,27.0,25.0,25.8,9.1,14.8,223.1
914,914,2019-09-12,28.3,24.8,26.0,24.8,29.5,250.8
915,915,2019-09-13,30.0,24.0,25.6,3.2,18.4,210.5
916,916,2019-09-14,26.0,23.0,24.2,0.9,11.2,200.6
917,917,2019-09-15,29.0,24.0,25.8,2.4,14.8,240.1
918,918,2019-09-16,28.3,24.0,26.0,4.6,16.6,240.3
919,919,2019-09-17,31.0,25.0,27.1,24.4,7.6,246.9
920,920,2019-09-18,30.0,23.0,26.4,2.0,18.4,99.0
921,921,2019-09-19,30.2,23.0,26.5,12.3,13.0,71.5
922,922,2019-09-20,31.2,25.0,27.3,2.8,11.2,100.0
923,923,2019-09-21,30.7,24.0,26.8,13.8,11.2,115.6
924,924,2019-09-22,30.0,24.0,26.8,4.2,7.6,93.9
925,925,2019-09-23,31.0,24.8,27.6,2.3,14.8,314.8
926,926,2019-09-24,30.0,24.0,26.1,6.8,14.8,18.8
927,927,2019-09-25,27.0,23.0,24.4,17.4,9.4,83.8
928,928,2019-09-26,30.0,24.0,25.7,10.2,14.8,138.8
929,929,2019-09-27,30.0,24.0,26.6,4.4,20.5,173.4
930,930,2019-09-28,30.0,24.0,25.9,4.7,13.0,211.5
931,931,2019-09-29,30.5,24.0,26.1,24.7,16.5,203.9
932,932,2019-09-30,31.4,23.0,26.1,11.7,11.1,190.6
933,933,2019-10-01,31.4,23.0,26.7,3.2,16.6,191.4
934,934,2019-10-02,31.7,22.0,26.4,0.8,20.5,272.1
935,935,2019-10-03,32.0,22.8,26.6,0.0,9.4,308.4
936,936,2019-10-04,32.0,22.8,27.1,0.0,7.6,334.5
937,937,2019-10-05,31.0,23.0,27.2,0.0,7.6,36.0
938,938,2019-10-06,31.7,23.0,26.8,0.0,9.4,335.2
939,939,2019-10-07,31.3,23.0,27.2,0.0,7.6,35.0
940,940,2019-10-08,31.0,22.7,27.0,0.0,9.4,17.4
941,941,2019-10-09,31.0,22.3,26.4,1.9,7.6,30.3
942,942,2019-10-10,31.0,21.8,26.7,0.1,7.6,13.0
943,943,2019-10-11,31.1,22.4,26.8,0.0,7.5,63.9
944,944,2019-10-12,31.0,22.6,26.5,0.0,9.3,52.0
945,945,2019-10-13,31.0,22.6,26.7,0.0,7.5,66.8
946,946,2019-10-14,32.0,20.0,26.2,0.0,11.2,25.2
947,947,2019-10-15,31.0,19.3,25.5,0.0,7.6,70.8
948,948,2019-10-16,31.0,21.0,25.6,0.0,7.6,57.1
949,949,2019-10-17,31.0,20.6,25.5,0.0,7.6,67.4
950,950,2019-10-18,30.0,21.0,24.9,1.4,7.6,74.5
951,951,2019-10-19,29.0,23.0,25.3,4.0,13.0,24.5
952,952,2019-10-20,28.0,23.0,24.7,16.1,14.8,9.7
953,953,2019-10-21,27.0,23.0,24.5,3.7,5.4,39.3
954,954,2019-10-22,29.0,22.8,25.5,0.0,9.7,35.3
955,955,2019-10-23,30.5,21.0,26.0,1.0,11.2,43.4
956,956,2019-10-24,27.0,21.6,24.7,2.1,9.4,47.8
957,957,2019-10-25,27.2,19.4,24.2,0.4,10.1,353.5
958,958,2019-10-26,28.2,23.0,24.3,8.2,13.0,77.6
959,959,2019-10-27,29.0,23.0,25.4,10.9,9.4,55.3
960,960,2019-10-28,29.0,22.0,25.1,0.9,16.6,336.4
961,961,2019-10-29,31.0,22.0,26.4,0.0,9.4,30.2
962,962,2019-10-30,31.4,22.0,25.8,1.2,9.4,32.1
963,963,2019-10-31,31.0,21.6,25.8,2.5,5.8,130.3
964,964,2019-11-01,29.0,23.0,25.7,2.4,7.6,86.4
965,965,2019-11-02,29.0,23.8,26.0,0.6,7.6,30.8
966,966,2019-11-03,31.0,21.8,26.1,0.0,5.4,19.3
967,967,2019-11-04,31.0,20.9,26.2,0.0,9.4,353.4
968,968,2019-11-05,31.4,22.0,26.0,0.0,5.4,360.0
969,969,2019-11-06,31.0,22.0,25.9,0.0,5.4,230.5
970,970,2019-11-07,30.0,22.0,25.5,0.0,5.4,114.7
971,971,2019-11-08,31.1,21.6,25.2,0.0,7.6,52.3
972,972,2019-11-09,29.0,20.2,24.5,0.0,11.2,16.8
973,973,2019-11-10,29.9,18.9,24.0,0.0,7.6,17.5
974,974,2019-11-11,29.0,19.3,23.9,0.0,9.4,48.5
975,975,2019-11-12,29.0,17.6,22.9,0.0,14.8,82.8
976,0,2019-11-13,28.0,17.0,22.2,0.0,7.6,64.0
977,1,2019-11-14,28.0,16.0,21.7,0.0,11.2,70.8
978,2,2019-11-15,28.0,16.4,21.8,0.0,7.6,57.5
979,3,2019-11-16,29.0,17.0,22.6,0.0,7.5,77.4
980,4,2019-11-17,29.0,17.6,23.0,0.0,9.4,89.6
981,5,2019-11-18,29.0,17.2,22.5,0.0,14.8,126.9
982,6,2019-11-19,29.0,16.0,22.3,0.0,5.4,102.9
983,7,2019-11-20,29.0,16.0,22.6,0.0,5.4,83.7
984,8,2019-11-21,29.0,16.9,22.3,0.0,7.6,56.3
985,9,2019-11-22,29.0,16.6,22.4,0.0,7.6,83.0
986,10,2019-11-23,29.0,17.0,22.4,0.0,5.4,69.6
987,11,2019-11-24,29.0,17.0,22.3,0.0,5.4,59.3
988,12,2019-11-25,29.7,17.4,22.9,0.0,5.4,60.1
989,13,2019-11-26,29.0,17.0,22.2,0.0,9.4,36.3
990,14,2019-11-27,29.0,16.0,22.0,0.0,7.6,73.8
991,15,2019-11-28,30.0,17.0,22.9,0.0,7.6,89.0
992,16,2019-11-29,29.0,17.9,22.9,0.0,7.6,49.6
993,17,2019-11-30,28.0,17.8,22.1,0.0,9.4,59.2
994,18,2019-12-01,30.9,17.0,22.5,0.0,5.4,51.5
995,19,2019-12-02,29.0,16.7,22.4,0.0,7.6,39.5
996,20,2019-12-03,29.4,16.8,22.3,0.0,5.4,102.8
997,21,2019-12-04,29.0,19.0,22.7,0.0,11.2,55.3
998,22,2019-12-05,26.0,15.5,20.8,0.0,9.4,67.6
999,23,2019-12-06,26.0,12.0,19.0,0.0,9.4,51.3
1000,24,2019-12-07,26.0,12.0,19.1,0.0,11.2,76.3
1001,25,2019-12-08,26.0,14.0,19.7,0.0,11.1,66.4
1002,26,2019-12-09,27.0,14.0,20.0,0.0,9.4,132.5
1003,27,2019-12-10,27.0,14.0,20.4,0.0,5.4,84.2
1004,28,2019-12-11,28.0,15.0,20.9,0.0,7.6,94.2
1005,29,2019-12-12,27.0,13.7,21.2,0.0,16.6,107.7
1006,30,2019-12-13,27.0,19.0,22.2,2.5,14.7,136.9
1007,31,2019-12-14,28.0,19.0,23.0,0.2,5.4,75.4
1008,32,2019-12-15,28.0,19.0,22.3,2.3,16.6,57.5
1009,33,2019-12-16,23.0,18.0,20.1,0.0,11.2,79.2
1010,34,2019-12-17,25.0,16.0,20.0,0.0,13.0,39.4
1011,35,2019-12-18,25.0,11.8,19.4,0.0,13.3,56.6
1012,36,2019-12-19,27.0,16.0,20.6,0.0,5.4,69.9
1013,37,2019-12-20,27.0,15.0,20.8,0.0,7.6,40.0
1014,38,2019-12-21,27.8,16.0,21.0,0.0,9.4,39.8
1015,39,2019-12-22,27.0,17.0,22.2,0.0,7.6,56.3
1016,40,2019-12-23,27.0,18.0,21.9,0.0,7.6,68.4
1017,41,2019-12-24,27.0,16.0,21.5,0.0,13.0,87.5
1018,42,2019-12-25,28.0,17.0,22.3,2.1,63.0,114.5
1019,43,2019-12-26,23.0,19.0,20.3,0.7,13.0,94.1
1020,44,2019-12-27,23.0,13.0,17.5,0.0,14.8,29.2
1021,45,2019-12-28,22.0,10.0,15.3,0.0,11.2,54.6
1022,46,2019-12-29,22.0,8.0,14.7,0.0,11.2,60.8
1023,47,2019-12-30,23.0,8.0,16.7,0.0,11.2,42.8
1024,48,2019-12-31,21.0,14.0,17.3,4.2,14.8,105.8
1025,49,2020-01-01,20.0,14.0,16.8,2.7,13.0,69.2
1026,50,2020-01-02,18.0,14.0,16.3,19.4,14.8,65.4
1027,51,2020-01-03,23.0,16.0,18.5,1.9,9.4,65.0
1028,52,2020-01-04,22.0,15.0,18.1,0.0,11.2,37.1
1029,53,2020-01-05,23.0,13.5,17.6,0.0,14.8,39.5
1030,54,2020-01-06,23.0,9.0,16.8,0.0,13.0,52.1
1031,55,2020-01-07,24.0,13.0,18.8,0.0,5.4,29.2
1032,56,2020-01-08,20.0,17.0,18.3,7.6,7.6,38.8
1033,57,2020-01-09,24.0,16.0,19.5,0.0,13.0,108.8
1034,58,2020-01-10,23.0,11.0,16.0,0.0,11.2,49.8
1035,59,2020-01-11,23.0,7.0,15.0,0.0,11.2,65.2
1036,60,2020-01-12,25.2,9.0,16.4,0.0,7.6,61.1
1037,61,2020-01-13,28.1,10.0,18.1,0.0,7.6,136.8
1038,62,2020-01-14,27.0,11.0,19.1,0.0,7.6,47.5
1039,63,2020-01-15,27.0,12.0,19.9,0.0,9.4,48.8
1040,64,2020-01-16,26.0,14.6,20.4,0.0,16.6,156.8
1041,65,2020-01-17,25.0,17.0,21.0,0.0,11.2,136.6
1042,66,2020-01-18,25.0,17.0,20.5,0.0,11.2,95.5
1043,67,2020-01-19,23.0,15.0,19.0,0.0,14.8,64.3
1044,68,2020-01-20,21.0,14.0,17.3,0.0,9.4,34.6
1045,69,2020-01-21,27.0,14.0,20.2,0.0,7.6,85.4
1046,70,2020-01-22,28.0,17.0,22.3,0.0,9.4,95.4
1047,71,2020-01-23,26.0,19.0,21.9,0.0,11.2,42.1
1048,72,2020-01-24,26.0,16.0,20.3,0.0,9.4,47.1
1049,73,2020-01-25,29.0,15.0,21.3,0.0,7.6,60.3
1050,74,2020-01-26,28.0,14.0,20.9,0.0,9.4,119.2
1051,75,2020-01-27,30.0,14.0,21.3,0.0,7.6,67.7
1052,76,2020-01-28,29.0,18.0,22.6,0.0,22.3,171.2
1053,77,2020-01-29,27.0,17.0,21.8,0.0,11.2,134.1
1054,78,2020-01-30,26.0,15.0,20.3,0.0,16.6,101.7
1055,79,2020-01-31,24.0,14.0,18.3,0.0,11.2,56.7
1056,80,2020-02-01,23.0,14.1,18.7,0.0,14.8,42.7
1057,81,2020-02-02,25.0,14.6,19.4,0.0,12.9,55.4
1058,82,2020-02-03,22.0,16.0,18.4,0.0,14.8,53.8
1059,83,2020-02-04,27.0,17.0,20.8,1.1,14.8,82.5
1060,84,2020-02-05,25.0,18.0,20.5,0.0,11.2,71.3
1061,85,2020-02-06,23.0,15.0,19.1,1.3,13.0,49.6
1062,86,2020-02-07,21.0,16.0,18.1,2.8,11.2,55.8
1063,87,2020-02-08,23.0,16.8,19.1,0.0,13.0,46.5
1064,88,2020-02-09,23.0,14.0,17.9,0.0,16.6,46.3
1065,89,2020-02-10,25.0,12.0,18.6,0.0,7.6,41.0
1066,90,2020-02-11,27.0,14.0,20.5,0.0,9.4,49.2
1067,91,2020-02-12,29.0,14.0,21.3,0.0,7.5,20.0
1068,92,2020-02-13,31.0,14.0,22.1,0.0,7.6,121.3
1069,93,2020-02-14,31.0,14.1,23.1,0.0,18.3,182.3
1070,94,2020-02-15,31.6,16.0,22.6,0.0,7.6,35.0
1071,95,2020-02-16,29.0,15.0,22.0,0.0,13.0,68.8
1072,96,2020-02-17,30.0,15.0,22.2,0.0,9.4,36.3
1073,97,2020-02-18,30.0,16.0,22.1,0.0,11.2,84.3
1074,98,2020-02-19,32.0,13.0,22.0,0.0,9.4,63.8
1075,99,2020-02-20,31.0,14.0,22.8,0.0,14.8,96.9
1076,100,2020-02-21,30.0,19.0,23.9,0.0,14.8,122.5
1077,101,2020-02-22,31.0,19.0,24.7,0.0,11.1,104.2
1078,102,2020-02-23,31.0,18.0,25.3,0.0,13.0,132.9
1079,103,2020-02-24,31.0,20.0,25.0,0.4,14.7,114.2
1080,104,2020-02-25,28.0,19.0,23.2,0.0,11.2,125.8
1081,105,2020-02-26,29.0,15.0,21.9,0.0,9.4,81.7
1082,106,2020-02-27,29.0,15.0,22.2,0.0,10.8,67.6
1083,107,2020-02-28,30.0,14.0,22.9,0.0,9.4,63.3
1084,108,2020-02-29,32.0,15.0,24.1,0.0,13.0,87.9
1085,109,2020-03-01,32.2,17.1,24.1,0.0,27.7,110.3
1086,110,2020-03-02,32.0,19.0,25.2,2.8,12.9,115.0
1087,111,2020-03-03,33.0,19.0,26.0,0.0,29.4,173.8
1088,112,2020-03-04,34.0,16.0,25.3,0.0,22.3,160.7
1089,113,2020-03-05,32.0,18.0,25.2,0.0,13.0,207.5
1090,114,2020-03-06,33.0,17.0,24.6,0.0,22.3,174.1
1091,115,2020-03-07,31.0,17.0,24.7,0.0,11.2,154.6
1092,116,2020-03-08,31.0,20.0,25.5,0.0,13.7,96.3
1093,117,2020-03-09,30.0,21.0,25.5,0.4,14.8,57.1
1094,118,2020-03-10,32.0,21.0,25.0,4.0,14.8,120.7
1095,119,2020-03-11,33.0,20.0,25.5,0.5,14.8,116.6
1096,120,2020-03-12,32.0,21.0,27.0,0.0,9.4,153.0
1097,121,2020-03-13,31.3,22.0,26.6,0.9,13.0,129.6
1098,122,2020-03-14,30.7,22.0,25.6,0.5,11.2,87.1
1099,123,2020-03-15,32.0,19.0,25.7,0.0,13.0,133.3
1100,124,2020-03-16,33.0,20.0,26.3,0.0,11.2,73.1
1101,125,2020-03-17,34.0,19.3,27.4,5.0,14.8,114.7
1102,126,2020-03-18,30.0,20.0,24.5,6.8,27.7,105.5
1103,127,2020-03-19,35.0,21.0,26.9,1.0,16.6,106.3
1104,128,2020-03-20,33.0,20.0,26.1,0.4,11.2,68.5
1105,129,2020-03-21,33.0,21.0,26.4,0.0,9.4,169.1
1106,130,2020-03-22,34.0,18.0,26.9,0.0,7.6,159.3
1107,131,2020-03-23,35.0,17.8,27.2,0.0,9.3,96.3
1108,132,2020-03-24,35.0,19.0,27.6,0.0,9.4,97.1
1109,133,2020-03-25,36.0,20.0,27.8,3.2,24.1,88.3
1110,134,2020-03-26,34.3,20.0,24.3,6.2,18.4,129.8
1111,135,2020-03-27,35.0,21.0,28.5,0.0,14.8,111.3
1112,136,2020-03-28,34.0,24.0,28.6,0.7,9.4,103.8
1113,137,2020-03-29,35.0,21.0,27.3,5.6,27.6,123.7
1114,138,2020-03-30,35.0,21.0,26.7,3.6,18.4,139.3
1115,139,2020-03-31,36.0,23.0,29.1,0.6,27.7,193.8
1116,140,2020-04-01,37.0,21.0,29.5,0.9,12.9,153.0
1117,141,2020-04-02,37.0,21.0,30.0,0.0,7.6,121.2
1118,142,2020-04-03,36.0,24.0,29.9,0.0,27.7,68.6
1119,143,2020-04-04,36.0,22.0,28.0,1.3,18.4,98.3
1120,144,2020-04-05,36.0,23.0,28.7,0.2,11.2,71.7
1121,145,2020-04-06,37.0,23.0,30.0,0.0,11.2,137.0
1122,146,2020-04-07,38.0,22.0,30.3,0.3,18.4,207.5
1123,147,2020-04-08,38.0,24.0,31.0,0.0,20.4,261.3
1124,148,2020-04-09,37.0,25.0,30.6,0.0,14.8,142.1
1125,149,2020-04-10,38.0,23.0,30.2,0.0,14.7,96.2
1126,150,2020-04-11,38.0,24.0,30.9,0.3,11.1,85.8
1127,151,2020-04-12,40.0,25.0,32.3,0.0,25.9,108.0
1128,152,2020-04-13,39.0,25.0,32.6,0.0,7.6,143.8
1129,153,2020-04-14,39.0,25.0,32.2,0.0,24.1,139.5
1130,154,2020-04-15,39.0,24.0,31.9,0.0,18.4,147.0
1131,155,2020-04-16,40.0,24.0,32.1,0.3,16.6,128.0
1132,156,2020-04-17,42.0,25.0,33.8,0.0,22.2,265.1
1133,157,2020-04-18,40.0,27.0,33.5,0.0,22.3,134.9
1134,158,2020-04-19,36.0,25.0,29.7,0.3,18.4,161.3
1135,159,2020-04-20,40.0,24.0,32.3,0.0,13.0,160.5
1136,160,2020-04-21,40.0,28.0,33.9,0.0,22.3,244.1
1137,161,2020-04-22,38.0,25.0,31.9,0.0,11.2,109.1
1138,162,2020-04-23,42.3,25.0,32.9,0.0,12.9,194.9
1139,163,2020-04-24,41.0,24.0,33.5,0.0,24.0,251.9
1140,164,2020-04-25,40.0,25.0,33.2,0.0,22.2,241.8
1141,165,2020-04-26,39.0,24.7,32.7,0.0,25.9,250.5
1142,166,2020-04-27,37.0,25.0,30.0,0.4,20.5,96.7
1143,167,2020-04-28,36.0,22.0,27.0,1.5,25.9,143.8
1144,168,2020-04-29,38.0,21.0,29.2,3.6,18.4,90.4
1145,169,2020-04-30,39.0,25.0,30.7,0.3,27.7,72.5
1146,170,2020-05-01,40.0,24.0,30.2,0.3,22.3,118.6
1147,171,2020-05-02,41.0,24.0,32.6,0.3,9.7,84.1
1148,172,2020-05-03,43.0,25.0,34.3,0.0,16.5,186.3
1149,173,2020-05-04,43.0,27.0,34.7,0.0,16.6,153.4
1150,174,2020-05-05,40.0,29.0,34.6,0.0,16.6,182.0
1151,175,2020-05-06,39.0,29.0,33.2,0.0,27.7,98.7
1152,176,2020-05-07,39.0,25.0,31.6,3.0,14.8,113.8
1153,177,2020-05-08,41.0,26.0,32.9,0.2,22.2,157.5
1154,178,2020-05-09,41.0,26.0,33.1,0.0,13.0,146.7
1155,179,2020-05-10,38.0,28.0,31.6,2.3,29.5,187.8
1156,180,2020-05-11,38.7,25.0,32.4,2.6,16.6,186.2
1157,181,2020-05-12,40.1,26.0,33.4,0.6,13.0,107.7
1158,182,2020-05-13,39.1,24.0,30.6,2.8,24.1,172.5
1159,183,2020-05-14,40.4,24.0,32.0,2.6,9.4,143.2
1160,184,2020-05-15,41.0,26.0,33.9,4.3,22.3,157.6
1161,185,2020-05-16,41.0,26.1,33.6,0.8,22.3,139.0
1162,186,2020-05-17,40.0,25.0,32.6,6.0,18.4,161.8
1163,187,2020-05-18,42.0,27.0,34.4,0.0,14.8,128.7
1164,188,2020-05-19,42.0,27.0,33.9,0.0,36.8,141.2
1165,189,2020-05-20,43.0,24.0,34.5,0.0,24.1,247.5
1166,190,2020-05-21,42.0,28.0,34.7,0.0,16.6,254.6
1167,191,2020-05-22,43.0,25.0,35.3,0.0,27.7,230.9
1168,192,2020-05-23,44.0,32.0,38.1,0.0,22.3,251.3
1169,193,2020-05-24,45.0,29.0,37.5,0.0,11.2,179.1
1170,194,2020-05-25,45.1,30.0,37.8,0.0,18.4,237.0
1171,195,2020-05-26,44.0,29.5,37.6,0.0,13.0,241.5
1172,196,2020-05-27,44.0,30.0,37.7,0.0,24.1,235.0
1173,197,2020-05-28,44.0,33.0,37.9,0.0,22.7,297.3
1174,198,2020-05-29,43.0,31.0,37.0,0.0,11.2,225.0
1175,199,2020-05-30,39.0,26.3,34.8,0.8,18.3,104.5
1176,200,2020-05-31,41.0,25.0,32.6,0.3,31.7,167.6
1177,201,2020-06-01,30.0,24.0,27.8,10.4,25.9,209.9
1178,202,2020-06-02,31.0,23.0,27.6,7.4,14.8,103.2
1179,203,2020-06-03,31.4,22.0,26.3,21.0,18.4,143.0
1180,204,2020-06-04,28.0,25.0,26.3,5.5,33.3,190.5
1181,205,2020-06-05,34.0,23.0,28.1,2.6,14.8,172.6
1182,206,2020-06-06,33.0,24.0,26.7,2.9,31.7,207.7
1183,207,2020-06-07,36.0,25.7,29.8,0.0,18.4,246.3
1184,208,2020-06-08,36.0,25.0,30.3,0.0,24.0,173.2
1185,209,2020-06-09,37.0,26.0,30.3,1.7,27.7,193.8
1186,210,2020-06-10,38.0,26.0,31.0,6.8,18.4,238.3
1187,211,2020-06-11,37.0,26.0,30.2,12.0,27.7,150.7
1188,212,2020-06-12,35.0,24.0,27.9,11.3,22.3,225.1
1189,213,2020-06-13,31.0,25.0,27.4,9.1,10.1,131.2
1190,214,2020-06-14,33.0,24.0,27.5,11.4,37.1,219.1
1191,215,2020-06-15,31.0,25.0,26.8,12.2,18.4,134.9
1192,216,2020-06-16,32.0,24.0,27.0,7.8,18.4,195.9
1193,217,2020-06-17,32.0,23.0,27.1,5.9,22.3,162.5
1194,218,2020-06-18,33.0,26.0,28.9,4.0,22.3,216.9
1195,219,2020-06-19,33.0,24.9,28.7,3.6,16.5,179.8
1196,220,2020-06-20,31.0,26.0,28.6,0.0,22.3,276.7
1197,221,2020-06-21,32.0,26.0,29.8,0.9,18.4,305.8
1198,222,2020-06-22,32.0,24.0,28.4,10.1,13.0,241.7
1199,223,2020-06-23,27.2,24.0,25.9,5.8,9.4,142.4
1200,224,2020-06-24,34.0,24.0,28.0,1.2,18.4,147.0
1201,225,2020-06-25,33.0,25.0,28.9,1.2,13.0,171.0
1202,226,2020-06-26,34.0,25.0,29.5,9.4,16.6,150.8
1203,227,2020-06-27,33.0,25.0,28.4,3.8,14.8,180.1
1204,228,2020-06-28,33.0,25.0,27.7,1.6,18.4,169.2
1205,229,2020-06-29,34.0,25.2,28.0,3.0,18.4,145.1
1206,230,2020-06-30,33.0,23.0,28.2,17.1,9.4,97.9
1207,231,2020-07-01,33.0,23.0,27.4,8.4,11.2,155.4
1208,232,2020-07-02,35.0,25.0,28.0,13.9,18.4,185.8
1209,233,2020-07-03,31.0,25.0,26.9,8.9,18.4,183.6
1210,234,2020-07-04,31.0,25.0,26.9,19.2,18.4,228.0
1211,235,2020-07-05,30.0,24.0,26.1,7.9,18.3,173.9
1212,236,2020-07-06,28.0,24.0,25.3,16.9,18.3,175.0
1213,237,2020-07-07,32.0,25.0,28.0,0.9,14.7,133.9
1214,238,2020-07-08,33.0,24.0,28.0,0.5,12.9,162.5
1215,239,2020-07-09,32.0,25.0,27.6,5.2,18.4,226.3
1216,240,2020-07-10,32.0,25.0,26.9,14.1,14.8,209.3
1217,241,2020-07-11,32.0,25.0,28.2,4.9,16.6,212.9
1218,242,2020-07-12,34.0,24.4,28.8,16.4,18.4,233.3
1219,243,2020-07-13,34.0,24.0,27.5,4.4,14.8,204.4
1220,244,2020-07-14,31.0,24.0,26.5,14.5,24.0,157.9
1221,245,2020-07-15,29.0,24.0,26.0,38.6,18.4,177.9
1222,246,2020-07-16,29.0,25.0,26.3,12.4,13.0,106.7
1223,247,2020-07-17,31.0,25.0,27.2,0.2,11.2,170.9
1224,248,2020-07-18,32.0,25.0,28.3,0.0,11.2,113.4
1225,249,2020-07-19,31.0,25.0,26.9,10.0,27.7,130.3
1226,250,2020-07-20,29.0,25.0,26.2,7.8,9.4,162.6
1227,251,2020-07-21,29.0,25.0,26.4,21.0,18.4,104.2
1228,252,2020-07-22,33.0,25.0,27.8,4.8,20.5,151.7
1229,253,2020-07-23,31.0,23.0,25.3,41.9,22.3,204.6
1230,254,2020-07-24,30.0,23.0,26.0,3.3,9.4,125.3
1231,255,2020-07-25,31.0,25.0,27.1,3.9,18.4,105.3
1232,256,2020-07-26,32.0,24.0,28.0,0.3,9.4,126.8
1233,257,2020-07-27,35.0,25.0,29.5,0.0,13.0,188.8
1234,258,2020-07-28,33.0,23.0,28.8,15.8,14.8,183.8
1235,259,2020-07-29,32.0,23.0,27.1,11.5,18.4,126.3
1236,260,2020-07-30,32.3,25.0,28.3,2.5,12.9,77.7
1237,261,2020-07-31,36.0,26.0,29.5,7.4,14.8,96.1
1238,262,2020-08-01,34.0,24.0,27.7,5.7,18.4,96.6
1239,263,2020-08-02,33.0,24.0,27.6,31.1,22.3,98.9
1240,264,2020-08-03,31.0,23.2,26.1,23.8,18.4,181.9
1241,265,2020-08-04,30.0,24.0,25.9,7.6,18.4,121.2
1242,266,2020-08-05,31.0,25.0,26.4,16.4,18.4,135.0
1243,267,2020-08-06,27.0,24.0,25.5,4.1,16.6,157.9
1244,268,2020-08-07,30.0,25.0,27.0,1.2,14.8,118.8
1245,269,2020-08-08,30.0,25.0,26.8,3.1,20.5,180.4
1246,270,2020-08-09,26.0,24.0,25.2,10.6,18.4,225.0
1247,271,2020-08-10,29.0,25.0,25.5,20.0,14.8,247.9
1248,272,2020-08-11,29.0,24.8,26.6,1.9,25.8,243.5
1249,273,2020-08-12,30.0,25.0,26.7,8.5,25.9,263.8
1250,274,2020-08-13,25.0,24.0,24.5,25.1,16.6,254.2
1251,275,2020-08-14,25.0,23.0,24.0,22.8,24.0,259.6
1252,276,2020-08-15,29.0,23.0,25.6,4.3,20.5,237.9
1253,277,2020-08-16,27.0,24.0,25.1,4.3,22.3,227.5
1254,278,2020-08-17,28.0,25.0,25.6,7.6,18.4,249.2
1255,279,2020-08-18,28.0,24.0,25.7,8.1,22.3,248.3
1256,280,2020-08-19,29.0,24.0,26.5,4.9,20.5,276.0
1257,281,2020-08-20,31.0,25.0,26.9,8.7,24.1,277.1
1258,282,2020-08-21,26.0,24.0,24.8,30.6,22.3,229.6
1259,283,2020-08-22,27.0,24.0,25.4,17.7,20.5,200.0
1260,284,2020-08-23,32.0,24.0,27.0,3.9,22.3,166.9
1261,285,2020-08-24,31.0,23.0,27.1,1.6,18.4,160.0
1262,286,2020-08-25,32.0,24.0,27.9,0.1,22.3,235.8
1263,287,2020-08-26,29.3,25.0,27.1,0.0,16.7,217.7
1264,288,2020-08-27,26.0,24.0,25.2,5.0,24.1,249.2
1265,289,2020-08-28,25.0,23.0,23.9,55.4,27.6,253.4
1266,290,2020-08-29,26.0,23.0,24.3,21.2,27.7,222.7
1267,291,2020-08-30,31.0,23.0,26.0,1.2,14.7,184.3
1268,292,2020-08-31,32.0,23.0,27.2,0.0,20.5,146.9
1269,293,2020-09-01,33.0,24.0,28.5,0.0,14.8,179.6
1270,294,2020-09-02,31.0,25.0,27.4,0.0,11.2,243.4
1271,295,2020-09-03,33.0,22.7,28.0,0.0,9.4,113.5
1272,296,2020-09-04,34.0,24.0,28.1,3.0,14.8,78.0
1273,297,2020-09-05,32.0,24.0,26.5,7.1,24.1,110.8
1274,298,2020-09-06,33.0,24.0,27.5,2.7,9.4,122.3
1275,299,2020-09-07,31.0,24.0,26.0,4.5,27.7,133.8
1276,300,2020-09-08,33.0,24.0,27.6,4.7,9.4,141.3
1277,301,2020-09-09,33.0,25.0,28.2,4.1,7.6,115.3
1278,302,2020-09-10,33.0,24.0,26.9,26.6,13.0,139.6
1279,303,2020-09-11,31.0,24.0,26.2,10.6,7.6,76.3
1280,304,2020-09-12,31.0,23.0,26.3,6.6,7.6,52.1
1281,305,2020-09-13,30.0,24.0,26.5,0.7,7.6,116.8
1282,306,2020-09-14,31.0,24.0,26.2,8.6,20.5,135.0
1283,307,2020-09-15,31.0,24.0,26.6,1.2,9.4,60.3
1284,308,2020-09-16,32.0,24.0,27.1,3.0,14.8,91.1
1285,309,2020-09-17,32.0,23.0,27.1,1.5,9.4,150.8
1286,310,2020-09-18,31.0,24.0,27.4,3.2,13.0,208.2
1287,311,2020-09-19,35.0,25.0,29.1,7.9,25.9,195.0
1288,312,2020-09-20,33.0,24.8,27.4,9.4,18.4,162.7
1289,313,2020-09-21,31.0,24.0,27.5,15.2,9.4,104.9
1290,314,2020-09-22,29.0,25.0,26.4,16.4,16.5,123.7
1291,315,2020-09-23,31.0,24.5,26.6,14.4,20.4,179.6
1292,316,2020-09-24,32.0,25.0,27.7,4.1,22.3,218.1
1293,317,2020-09-25,33.0,25.0,29.0,0.0,14.8,112.8
1294,318,2020-09-26,34.0,25.0,28.2,0.1,14.8,167.9
1295,319,2020-09-27,33.0,25.0,28.3,2.2,16.6,185.9
1296,320,2020-09-28,34.0,24.0,27.9,4.2,18.4,139.5
1297,321,2020-09-29,34.0,25.0,27.5,5.7,22.3,230.0
1298,322,2020-09-30,34.0,25.0,28.2,0.9,9.4,254.2
1299,323,2020-10-01,33.0,24.0,27.6,0.0,14.8,223.8
1300,324,2020-10-02,34.0,24.0,28.1,0.1,14.7,261.5
1301,325,2020-10-03,33.0,23.0,27.2,0.0,11.2,221.7
1302,326,2020-10-04,34.0,22.0,27.8,0.0,16.6,332.7
1303,327,2020-10-05,33.0,21.0,26.8,0.0,14.8,225.8
1304,328,2020-10-06,31.0,24.0,27.3,0.2,14.8,79.9
1305,329,2020-10-07,30.0,22.0,25.7,7.5,27.7,133.8
1306,330,2020-10-08,30.0,22.0,25.7,4.8,5.4,102.9
1307,331,2020-10-09,30.0,25.0,26.9,9.0,5.4,13.0
1308,332,2020-10-10,33.0,23.0,27.7,1.7,9.4,63.8
1309,333,2020-10-11,31.0,25.0,26.8,4.5,13.0,67.1
1310,334,2020-10-12,33.0,24.0,27.6,1.4,9.4,32.1
1311,335,2020-10-13,31.0,25.0,27.8,1.4,18.4,37.7
1312,336,2020-10-14,30.0,26.0,27.6,4.1,20.5,59.2
1313,337,2020-10-15,29.4,25.0,26.8,1.2,13.0,86.0
1314,338,2020-10-16,29.0,23.1,25.8,8.1,14.7,63.5
1315,339,2020-10-17,32.0,24.0,27.5,3.4,9.4,74.1
1316,340,2020-10-18,33.1,25.0,28.2,0.0,7.6,30.9
1317,341,2020-10-19,35.0,25.0,28.1,0.0,10.1,86.0
1318,342,2020-10-20,33.0,23.0,27.7,0.0,9.3,52.8
1319,343,2020-10-21,32.0,23.0,27.4,0.0,7.6,61.0
1320,344,2020-10-22,33.0,21.0,25.8,0.0,10.4,111.5
1321,345,2020-10-23,34.0,21.0,26.2,0.0,9.4,85.0
1322,346,2020-10-24,33.0,21.2,26.1,0.0,7.6,93.1
1323,347,2020-10-25,33.0,22.0,26.3,0.0,7.6,51.3
1324,348,2020-10-26,32.0,22.0,25.8,0.0,18.4,89.5
1325,349,2020-10-27,35.0,21.0,25.8,0.0,7.2,102.6
1326,350,2020-10-28,33.0,18.1,24.8,0.0,7.6,115.3
1327,351,2020-10-29,32.4,18.0,24.4,0.0,7.5,34.5
1328,352,2020-10-30,32.6,16.8,23.8,0.0,10.1,25.6
1329,353,2020-10-31,31.0,18.0,24.1,0.0,11.1,15.4
1330,354,2020-11-01,31.0,16.5,23.9,0.0,11.2,96.6
1331,355,2020-11-02,31.0,18.0,23.8,0.0,11.1,73.3
1332,356,2020-11-03,31.0,17.0,23.2,0.0,16.6,68.3
1333,357,2020-11-04,31.0,12.0,22.0,0.0,9.4,133.7
1334,358,2020-11-05,31.0,14.0,21.5,0.0,7.6,31.3
1335,359,2020-11-06,30.0,14.0,21.4,0.0,11.1,33.1
1336,360,2020-11-07,29.0,12.0,20.8,0.0,13.0,35.0
1337,361,2020-11-08,29.0,13.0,20.8,0.0,13.0,61.3
1338,362,2020-11-09,29.0,13.0,20.4,0.0,9.4,61.7
1339,363,2020-11-10,28.0,11.0,19.5,0.0,11.5,53.9
1340,364,2020-11-11,29.0,12.0,21.1,0.0,9.4,105.8
1341,365,2020-11-12,30.1,17.0,24.3,0.0,7.6,60.9
1342,366,2020-11-13,31.0,21.0,25.6,0.0,7.5,38.2
1343,367,2020-11-14,32.0,20.0,24.8,0.0,11.2,30.6
1344,368,2020-11-15,31.0,18.0,24.3,0.0,8.5,38.0
1345,369,2020-11-16,33.0,18.0,24.9,0.0,7.6,33.8
1346,370,2020-11-17,32.0,19.0,25.7,0.0,5.4,66.7
1347,371,2020-11-18,33.0,18.0,25.1,0.0,13.0,80.5
1348,372,2020-11-19,32.0,19.0,25.3,1.1,12.9,118.9
1349,373,2020-11-20,29.0,22.0,24.8,5.7,14.8,123.3
1350,374,2020-11-21,27.0,20.0,23.1,0.0,9.4,49.6
1351,375,2020-11-22,28.0,15.0,20.7,0.0,13.0,21.4
1352,376,2020-11-23,29.0,13.0,20.4,0.0,8.3,24.7
1353,377,2020-11-24,28.0,14.0,20.2,0.0,11.5,29.1
1354,378,2020-11-25,28.0,13.0,20.5,0.0,16.5,29.2
1355,379,2020-11-26,28.0,15.0,21.4,0.0,16.6,79.6
1356,380,2020-11-27,24.0,19.0,21.3,0.0,16.6,48.5
1357,381,2020-11-28,28.7,18.0,22.6,0.0,18.4,34.8
1358,382,2020-11-29,29.0,17.0,23.0,0.0,5.4,37.5
1359,383,2020-11-30,30.0,16.0,23.1,0.0,9.4,39.7
1360,384,2020-12-01,29.0,17.0,21.9,0.0,7.6,21.3
1361,385,2020-12-02,29.0,14.0,20.6,0.0,7.6,40.0
1362,386,2020-12-03,30.0,13.0,20.5,0.0,7.6,38.8
1363,387,2020-12-04,30.0,13.0,20.9,0.0,7.6,60.9
1364,388,2020-12-05,30.0,12.0,20.4,0.0,7.5,19.2
1365,389,2020-12-06,30.0,12.0,20.5,0.0,5.4,28.8
1366,390,2020-12-07,30.0,13.0,21.0,0.0,7.6,23.3
1367,391,2020-12-08,30.0,14.0,21.6,0.0,10.4,45.3
1368,392,2020-12-09,30.0,14.0,21.1,0.0,5.4,29.7
1369,393,2020-12-10,28.0,15.0,20.5,0.0,5.4,63.8
1370,394,2020-12-11,27.0,13.0,20.4,0.0,3.6,6.8
1371,395,2020-12-12,29.0,18.0,22.3,0.0,11.2,67.5
1372,396,2020-12-13,27.0,19.0,22.5,0.3,14.8,62.5
1373,397,2020-12-14,26.0,20.0,22.2,0.0,7.5,65.1
1374,398,2020-12-15,29.0,18.0,23.0,0.0,11.2,62.5
1375,399,2020-12-16,29.0,16.9,22.8,0.0,9.4,46.3
1376,400,2020-12-17,26.0,18.0,21.5,0.0,11.1,30.8
1377,401,2020-12-18,27.4,17.0,21.1,0.0,9.4,51.8
1378,402,2020-12-19,26.0,15.0,19.7,0.0,7.6,33.8
1379,403,2020-12-20,26.4,9.0,17.3,0.0,14.7,27.3
1380,404,2020-12-21,27.0,9.0,17.4,0.0,9.4,25.8
1381,405,2020-12-22,27.0,9.0,17.6,0.0,11.2,35.0
1382,406,2020-12-23,27.0,10.0,17.6,0.0,9.4,36.2
1383,407,2020-12-24,28.0,10.0,18.1,0.0,7.6,41.2
1384,408,2020-12-25,27.0,10.0,18.2,0.0,9.4,40.4
1385,409,2020-12-26,28.0,11.0,18.3,0.0,7.6,22.1
1386,410,2020-12-27,28.0,12.0,19.2,0.0,5.4,36.3
1387,411,2020-12-28,29.0,13.0,20.8,0.0,11.2,113.4
1388,412,2020-12-29,27.0,14.0,20.2,0.0,9.4,39.0
1389,413,2020-12-30,27.0,13.0,20.1,0.0,7.6,35.4
1390,414,2020-12-31,27.0,14.0,20.2,0.0,7.6,44.1
1391,415,2021-01-01,27.0,13.0,19.8,0.2,11.2,74.9
1392,416,2021-01-02,27.0,14.0,20.4,0.0,9.4,39.6
1393,417,2021-01-03,28.0,15.0,21.5,0.0,5.4,73.8
1394,418,2021-01-04,26.0,15.0,20.7,0.0,7.6,65.5
1395,419,2021-01-05,29.0,17.0,21.9,0.2,9.4,102.9
1396,420,2021-01-06,29.0,17.0,22.7,0.0,7.6,169.2
1397,421,2021-01-07,30.0,18.0,24.0,0.0,18.3,168.4
1398,422,2021-01-08,28.0,21.0,24.6,0.0,11.2,87.0
1399,423,2021-01-09,31.0,22.0,25.7,0.0,7.6,89.6
1400,424,2021-01-10,31.0,19.0,23.9,0.0,7.5,157.0
1401,425,2021-01-11,31.0,18.0,24.1,0.0,7.6,175.4
1402,426,2021-01-12,28.0,19.0,23.0,0.0,9.4,100.0
1403,427,2021-01-13,28.0,16.0,21.3,0.0,9.4,93.4
1404,428,2021-01-14,28.0,13.0,20.1,0.0,7.6,55.4
1405,429,2021-01-15,29.0,12.0,20.1,0.0,7.6,44.6
1406,430,2021-01-16,29.0,14.0,21.0,0.0,7.5,96.7
1407,431,2021-01-17,29.0,14.0,21.6,0.0,11.2,113.4
1408,432,2021-01-18,30.0,15.0,22.1,0.0,10.1,85.5
1409,433,2021-01-19,31.0,16.0,23.5,0.0,14.7,148.3
1410,434,2021-01-20,30.0,20.4,24.8,0.0,9.4,107.4
1411,435,2021-01-21,28.4,16.4,22.2,0.0,11.2,65.6
1412,436,2021-01-22,29.0,12.0,20.6,0.0,13.7,101.2
1413,437,2021-01-23,31.0,9.4,21.5,0.0,9.4,142.5
1414,438,2021-01-24,32.0,15.0,22.9,0.0,9.4,140.0
1415,439,2021-01-25,30.0,17.0,23.2,0.0,9.4,144.0
1416,440,2021-01-26,30.0,16.0,22.5,0.0,7.6,112.1
1417,441,2021-01-27,28.0,17.0,22.0,0.0,9.4,57.1
1418,442,2021-01-28,29.0,17.0,22.7,0.5,13.0,142.2
1419,443,2021-01-29,25.0,17.0,20.6,0.7,11.1,100.2
1420,444,2021-01-30,27.3,14.0,19.2,0.0,13.0,58.1
1421,445,2021-01-31,27.0,12.0,19.1,0.0,11.1,114.2
1422,446,2021-02-01,29.0,10.0,19.7,0.0,9.4,127.6
1423,447,2021-02-02,30.0,12.0,20.5,0.0,9.4,145.4
1424,448,2021-02-03,30.0,12.0,20.8,0.0,11.2,146.0
1425,449,2021-02-04,30.0,12.0,21.0,0.0,11.1,172.9
1426,450,2021-02-05,30.0,12.0,21.0,0.0,11.2,150.7
1427,451,2021-02-06,28.0,17.0,21.9,0.0,9.4,93.4
1428,452,2021-02-07,27.0,14.9,20.3,0.0,11.2,86.1
1429,453,2021-02-08,27.0,9.0,18.7,0.0,12.6,157.3
1430,454,2021-02-09,30.0,12.0,20.4,0.0,9.4,103.6
1431,455,2021-02-10,31.0,12.0,22.1,0.0,9.4,184.4
1432,456,2021-02-11,32.3,13.0,22.4,0.0,11.5,99.7
1433,457,2021-02-12,31.0,14.0,23.0,0.0,10.8,148.3
1434,458,2021-02-13,32.0,16.0,24.3,0.0,9.4,120.6
1435,459,2021-02-14,32.0,19.1,24.9,0.0,11.2,150.1
1436,460,2021-02-15,32.0,19.0,25.0,0.0,11.1,102.9
1437,461,2021-02-16,32.0,18.0,24.3,0.0,14.8,95.2
1438,462,2021-02-17,25.1,18.0,21.4,1.3,14.8,75.4
1439,463,2021-02-18,26.0,17.0,20.5,1.9,14.7,147.9
1440,464,2021-02-19,27.0,15.0,20.7,0.3,11.2,131.6
1441,465,2021-02-20,29.0,16.0,22.6,0.0,16.6,76.3
1442,466,2021-02-21,30.0,17.0,23.7,0.0,14.7,117.5
1443,467,2021-02-22,33.0,15.0,23.8,0.0,7.6,173.8
1444,468,2021-02-23,34.0,15.8,24.5,0.0,11.2,130.8
1445,469,2021-02-24,35.1,16.0,24.9,0.0,7.6,126.9
1446,470,2021-02-25,36.0,16.0,26.0,0.0,9.4,206.3
1447,471,2021-02-26,36.0,18.0,27.3,0.0,18.4,220.5
1448,472,2021-02-27,36.0,19.0,27.1,0.0,9.3,238.0
1449,473,2021-02-28,36.0,18.0,28.0,0.0,18.3,213.4
1450,474,2021-03-01,37.0,19.0,29.0,0.0,16.6,235.5
1451,475,2021-03-02,37.0,18.0,27.8,0.0,14.8,151.7
1452,476,2021-03-03,35.0,21.0,26.9,0.0,9.4,115.8
1453,477,2021-03-04,37.0,16.0,26.6,0.0,9.4,123.4
1454,478,2021-03-05,37.0,17.7,27.8,0.0,20.5,265.1
1455,479,2021-03-06,36.0,17.0,27.3,0.0,16.6,115.3
1456,480,2021-03-07,37.0,18.0,27.3,0.0,11.2,194.3
1457,481,2021-03-08,37.0,19.0,28.1,0.0,13.0,181.4
1458,482,2021-03-09,37.0,21.0,28.8,0.0,11.2,127.5
1459,483,2021-03-10,37.0,21.0,29.0,0.0,9.4,170.2
1460,484,2021-03-11,36.3,22.0,29.1,0.0,20.4,117.0
1461,485,2021-03-12,37.0,21.0,28.4,0.0,11.2,119.6
1462,486,2021-03-13,33.0,21.0,26.1,1.2,18.4,78.9
1463,487,2021-03-14,35.0,20.0,27.6,0.0,9.4,71.7
1464,488,2021-03-15,36.0,21.0,28.3,0.0,11.2,83.3
1465,489,2021-03-16,36.0,21.0,28.2,0.0,14.8,149.7
1466,490,2021-03-17,36.0,22.0,29.3,0.0,9.4,81.2
1467,491,2021-03-18,32.0,21.0,25.7,1.1,27.7,143.4
1468,492,2021-03-19,29.0,20.0,24.6,7.1,33.5,111.5
1469,493,2021-03-20,35.0,18.0,25.7,3.8,27.7,157.3
1470,494,2021-03-21,35.0,19.0,26.7,4.8,11.2,235.8
1471,495,2021-03-22,32.0,22.0,26.1,2.2,31.6,245.8
1472,496,2021-03-23,25.0,21.0,22.7,0.5,31.7,149.9
1473,497,2021-03-24,35.0,19.0,26.6,2.1,11.2,137.7
1474,498,2021-03-25,37.0,20.0,28.8,0.0,11.2,169.2
1475,499,2021-03-26,36.0,23.0,29.3,0.0,9.4,174.7
1476,500,2021-03-27,38.0,21.0,29.5,0.0,14.8,155.4
1477,501,2021-03-28,39.0,19.0,29.9,0.0,14.8,217.9
1478,502,2021-03-29,41.0,21.0,30.8,0.0,11.2,176.7
1479,503,2021-03-30,41.0,22.0,31.8,0.0,27.7,265.3
1480,504,2021-03-31,40.0,26.0,32.3,0.0,25.8,312.8
1481,505,2021-04-01,40.0,27.0,33.1,0.0,22.3,253.7
1482,506,2021-04-02,38.0,24.0,30.8,0.0,11.2,115.0
1483,507,2021-04-03,39.0,23.0,31.0,0.0,9.4,205.5
1484,508,2021-04-04,39.0,22.0,31.4,0.0,9.4,119.3
1485,509,2021-04-05,39.0,20.1,30.6,0.0,9.4,75.3
1486,510,2021-04-06,41.0,21.0,31.2,0.0,14.8,235.6
1487,511,2021-04-07,41.0,25.0,33.3,0.0,9.4,190.7
1488,512,2021-04-08,41.0,23.0,32.7,0.0,20.5,166.6
1489,513,2021-04-09,38.0,27.0,31.2,0.0,14.8,138.3
1490,514,2021-04-10,38.0,24.0,30.1,0.3,34.1,134.3
1491,515,2021-04-11,35.4,23.0,28.5,2.0,18.4,186.7
1492,516,2021-04-12,37.0,24.4,29.8,0.0,13.0,72.2
1493,517,2021-04-13,39.0,23.0,31.1,0.0,11.2,160.5
1494,518,2021-04-14,38.0,22.0,30.3,0.0,46.4,228.6
1495,519,2021-04-15,34.0,23.0,27.9,2.1,22.3,165.5
1496,520,2021-04-16,38.0,20.0,30.0,0.0,9.4,195.4
1497,521,2021-04-17,39.0,24.0,31.8,0.0,11.2,200.0
1498,522,2021-04-18,40.0,23.0,32.3,0.0,16.6,128.8
1499,523,2021-04-19,40.0,26.0,32.9,0.0,7.6,108.4
1500,524,2021-04-20,40.0,25.0,32.6,0.0,11.1,139.2
1501,525,2021-04-21,38.0,26.0,31.5,0.0,18.2,185.1
1502,526,2021-04-22,39.0,24.0,31.2,0.0,24.1,188.3
1503,527,2021-04-23,38.0,21.0,30.6,0.0,7.6,109.5
1504,528,2021-04-24,40.0,24.0,32.3,0.0,12.9,145.8
1505,529,2021-04-25,40.0,25.0,33.2,0.0,14.8,85.3
1506,530,2021-04-26,40.0,24.0,32.7,0.2,18.3,105.0
1507,531,2021-04-27,40.0,24.0,32.6,0.0,14.8,189.1
1508,532,2021-04-28,42.0,24.0,33.2,0.3,14.7,143.8
1509,533,2021-04-29,41.0,24.0,33.0,0.0,14.8,129.2
1510,534,2021-04-30,40.0,25.0,33.2,0.0,11.2,162.9
1511,535,2021-05-01,40.0,25.0,32.3,0.0,36.0,162.0
1512,536,2021-05-02,36.0,24.0,29.1,1.5,27.7,204.3
1513,537,2021-05-03,38.0,25.0,29.7,1.5,28.1,185.1
1514,538,2021-05-04,39.0,24.0,31.4,0.0,12.9,135.1
1515,539,2021-05-05,42.0,28.0,34.0,0.0,16.5,169.9
1516,540,2021-05-06,39.0,28.0,32.0,0.3,18.3,178.4
1517,541,2021-05-07,37.0,25.0,31.5,0.5,20.2,153.0
1518,542,2021-05-08,38.0,24.3,29.8,6.9,27.7,132.1
1519,543,2021-05-09,37.0,24.0,30.5,0.3,18.4,179.6
1520,544,2021-05-10,37.0,25.0,29.9,0.5,13.0,96.2
1521,545,2021-05-11,38.0,25.0,31.7,0.0,14.8,162.0
1522,546,2021-05-12,40.0,26.0,33.5,0.0,27.6,228.7
1523,547,2021-05-13,40.0,27.0,33.6,0.0,22.3,202.8
1524,548,2021-05-14,40.0,28.0,32.6,0.0,67.8,106.2
1525,549,2021-05-15,39.0,26.0,32.7,0.0,18.2,132.7
1526,550,2021-05-16,39.0,27.0,32.2,0.1,20.5,142.3
1527,551,2021-05-17,36.0,26.0,31.1,3.2,20.5,135.4
1528,552,2021-05-18,39.0,26.0,31.0,4.3,27.6,166.5
1529,553,2021-05-19,35.0,24.0,28.8,9.7,18.4,128.3
1530,554,2021-05-20,35.0,25.8,30.3,0.6,27.6,238.3
1531,555,2021-05-21,38.0,24.0,31.5,0.0,13.0,120.7
1532,556,2021-05-22,39.4,25.0,32.2,0.0,14.8,135.7
1533,557,2021-05-23,39.0,28.0,33.1,0.0,24.1,238.0
1534,558,2021-05-24,41.1,28.0,34.2,0.0,24.1,267.2
1535,559,2021-05-25,39.0,29.0,33.2,0.0,18.4,299.1
1536,560,2021-05-26,41.0,26.0,33.6,0.0,27.7,262.1
1537,561,2021-05-27,41.0,29.0,34.6,0.0,24.0,315.0
1538,562,2021-05-28,41.0,28.0,34.5,0.0,24.0,271.4
1539,563,2021-05-29,42.0,29.0,34.2,1.3,29.5,266.7
1540,564,2021-05-30,41.0,29.0,34.2,3.3,31.7,256.7
1541,565,2021-05-31,39.0,29.0,33.9,1.0,18.4,158.9
1542,566,2021-06-01,36.0,25.0,31.8,5.3,16.6,237.0
1543,567,2021-06-02,35.1,25.0,30.6,1.7,27.7,202.6
1544,568,2021-06-03,37.0,27.1,30.7,0.3,18.3,207.6
1545,569,2021-06-04,34.0,25.0,28.8,1.3,18.4,188.7
1546,570,2021-06-05,36.0,25.0,30.0,5.2,14.8,234.6
1547,571,2021-06-06,38.0,25.0,31.3,1.7,27.4,191.8
1548,572,2021-06-07,38.0,26.0,30.7,0.5,37.1,239.9
1549,573,2021-06-08,37.0,23.4,27.7,6.6,40.6,196.5
1550,574,2021-06-09,35.0,25.0,27.9,13.7,22.3,213.4
1551,575,2021-06-10,33.6,24.0,26.2,12.8,22.3,221.3
1552,576,2021-06-11,30.0,22.0,25.2,45.5,27.7,215.0
1553,577,2021-06-12,29.0,22.0,25.8,12.8,16.6,234.5
1554,578,2021-06-13,36.0,24.0,29.3,4.8,22.3,261.3
1555,579,2021-06-14,35.0,25.0,29.2,15.7,27.7,273.7
1556,580,2021-06-15,34.0,24.0,27.3,11.4,20.5,229.2
1557,581,2021-06-16,34.0,25.0,28.4,2.7,22.3,227.6
1558,582,2021-06-17,34.0,24.0,27.3,7.6,18.4,236.4
1559,583,2021-06-18,33.0,23.0,27.4,5.7,20.5,171.7
1560,584,2021-06-19,30.0,25.0,27.1,1.0,22.3,203.3
1561,585,2021-06-20,35.0,25.0,29.1,0.7,33.5,267.1
1562,586,2021-06-21,35.0,25.0,29.9,0.0,20.5,245.8
1563,587,2021-06-22,34.0,27.0,29.7,4.3,18.4,235.4
1564,588,2021-06-23,30.0,24.0,26.4,6.0,14.8,232.1
1565,589,2021-06-24,28.0,23.0,26.0,13.4,16.6,229.6
1566,590,2021-06-25,31.0,22.0,26.8,5.8,22.3,260.5
1567,591,2021-06-26,36.0,25.0,29.1,0.5,22.3,208.4
1568,592,2021-06-27,34.0,26.0,28.5,5.0,27.4,147.8
1569,593,2021-06-28,33.0,24.0,27.6,16.5,18.4,212.0
1570,594,2021-06-29,32.0,24.0,27.9,5.6,18.3,146.8
1571,595,2021-06-30,36.0,26.0,30.0,1.6,22.3,165.7
1572,596,2021-07-01,34.0,26.0,28.2,9.4,20.5,225.3
1573,597,2021-07-02,31.0,25.0,27.7,3.6,14.8,199.1
1574,598,2021-07-03,36.0,26.0,30.2,0.0,13.0,253.4
1575,599,2021-07-04,37.0,26.0,30.8,0.0,14.6,172.6
1576,600,2021-07-05,36.0,23.9,30.7,0.0,13.0,109.4
1577,601,2021-07-06,35.0,24.0,28.2,4.6,18.3,71.9
1578,602,2021-07-07,37.0,25.0,29.5,5.4,14.8,168.0
1579,603,2021-07-08,26.0,24.0,24.8,41.0,22.3,111.4
1580,604,2021-07-09,33.0,24.0,27.0,3.4,13.0,206.6
1581,605,2021-07-10,33.0,25.0,27.8,27.5,5.4,93.5
1582,606,2021-07-11,34.0,25.0,29.1,8.8,9.4,95.5
1583,607,2021-07-12,33.0,25.0,28.9,4.9,14.8,86.6
1584,608,2021-07-13,32.0,25.0,27.8,11.2,9.0,110.1
1585,609,2021-07-14,31.0,25.0,27.8,4.2,14.7,57.9
1586,610,2021-07-15,31.0,25.0,27.8,1.8,11.2,105.4
1587,611,2021-07-16,32.0,26.0,28.6,0.9,13.0,128.4
1588,612,2021-07-17,33.0,26.0,29.1,0.0,8.6,145.7
1589,613,2021-07-18,33.0,26.0,29.0,2.8,18.4,185.9
1590,614,2021-07-19,33.0,25.0,27.5,7.0,14.8,172.6
1591,615,2021-07-20,30.0,25.0,26.9,13.1,18.4,203.3
1592,616,2021-07-21,26.0,25.0,25.4,28.8,14.8,225.0
1593,617,2021-07-22,30.0,23.0,25.7,19.4,16.6,234.2
1594,618,2021-07-23,27.0,23.0,24.5,29.3,13.0,247.5
1595,619,2021-07-24,29.0,24.0,26.4,18.2,24.1,232.2
1596,620,2021-07-25,31.0,25.0,27.6,1.9,37.1,243.8
1597,621,2021-07-26,31.0,24.8,27.4,2.2,27.7,234.2
1598,622,2021-07-27,30.0,25.0,26.6,3.7,37.1,244.2
1599,623,2021-07-28,30.0,24.0,26.5,11.7,27.7,243.8
1600,624,2021-07-29,29.0,24.0,25.8,8.1,22.3,235.0
1601,625,2021-07-30,26.0,24.0,24.8,9.0,22.3,230.0
1602,626,2021-07-31,29.0,24.0,26.5,2.9,29.5,256.2
1603,627,2021-08-01,28.0,25.0,26.3,0.4,20.5,233.2
1604,628,2021-08-02,28.0,24.0,25.5,3.1,22.3,237.5
1605,629,2021-08-03,30.0,24.0,26.5,0.7,22.3,230.9
1606,630,2021-08-04,30.0,24.0,26.6,2.4,27.7,237.9
1607,631,2021-08-05,28.0,24.8,25.6,4.8,18.4,206.7
1608,632,2021-08-06,29.0,24.0,26.6,0.7,18.4,192.8
1609,633,2021-08-07,33.0,24.0,27.8,0.0,16.6,196.5
1610,634,2021-08-08,33.0,25.0,28.4,0.0,16.6,226.5
1611,635,2021-08-09,33.0,25.0,28.5,0.0,16.5,220.0
1612,636,2021-08-10,32.0,25.0,28.4,0.0,18.2,277.2
1613,637,2021-08-11,33.0,25.0,28.0,0.0,18.4,210.1
1614,638,2021-08-12,34.0,25.0,28.0,0.0,18.4,200.0
1615,639,2021-08-13,34.0,25.0,29.0,0.0,13.0,227.9
1616,640,2021-08-14,34.0,26.0,29.0,0.0,18.4,214.5
1617,641,2021-08-15,33.0,25.0,28.0,0.3,14.8,188.4
1618,642,2021-08-16,32.0,24.0,27.9,4.0,18.4,185.4
1619,643,2021-08-17,29.0,24.0,25.1,36.1,13.0,222.2
1620,644,2021-08-18,29.0,24.0,26.0,27.3,12.9,196.0
1621,645,2021-08-19,28.0,24.0,25.5,14.0,16.6,232.5
1622,646,2021-08-20,28.0,24.0,25.8,3.1,14.8,198.7
1623,647,2021-08-21,30.0,25.0,27.0,3.7,13.0,145.5
1624,648,2021-08-22,31.0,25.0,27.2,1.3,9.4,166.3
1625,649,2021-08-23,33.0,25.0,28.1,1.7,16.6,180.6
1626,650,2021-08-24,33.0,25.0,27.8,2.4,14.7,187.5
1627,651,2021-08-25,33.0,24.0,28.7,0.5,18.4,201.5
1628,652,2021-08-26,33.0,25.0,28.5,0.0,16.6,168.1
1629,653,2021-08-27,32.0,25.0,27.9,0.0,18.4,211.6
1630,654,2021-08-28,33.0,25.0,28.4,1.5,13.0,216.3
1631,655,2021-08-29,33.0,25.0,27.7,30.0,14.8,195.6
1632,656,2021-08-30,30.0,25.0,26.8,20.9,7.6,79.6
1633,657,2021-08-31,30.0,25.0,26.4,7.8,24.1,98.7
1634,658,2021-09-01,29.0,24.8,25.9,12.7,16.6,121.1
1635,659,2021-09-02,32.0,25.0,26.8,6.1,11.2,147.1
1636,660,2021-09-03,33.0,23.0,28.0,15.1,18.4,121.0
1637,661,2021-09-04,31.0,24.0,27.2,14.6,11.1,193.8
1638,662,2021-09-05,32.0,25.0,28.2,6.7,14.7,231.7
1639,663,2021-09-06,34.0,24.0,28.7,16.9,11.1,213.4
1640,664,2021-09-07,29.0,24.0,26.1,58.8,11.2,114.9
1641,665,2021-09-08,27.0,24.0,25.5,24.9,14.8,160.0
1642,666,2021-09-09,31.0,24.0,26.7,10.2,14.7,182.9
1643,667,2021-09-10,31.0,24.0,26.4,9.6,14.8,206.6
1644,668,2021-09-11,31.0,24.0,26.7,11.9,9.4,143.7
1645,669,2021-09-12,31.0,25.0,26.8,13.5,16.6,169.2
1646,670,2021-09-13,30.0,25.0,27.0,7.8,14.7,149.9
1647,671,2021-09-14,30.0,24.0,26.4,6.7,14.8,244.6
1648,672,2021-09-15,29.0,25.0,26.5,8.2,18.4,241.3
1649,673,2021-09-16,28.0,24.0,25.7,2.5,14.8,235.0
1650,674,2021-09-17,30.0,24.0,26.0,10.7,14.8,230.8
1651,675,2021-09-18,31.0,24.0,27.0,0.4,13.0,182.4
1652,676,2021-09-19,32.0,23.8,27.7,3.1,9.4,136.9
1653,677,2021-09-20,27.0,25.0,25.8,4.7,7.6,76.7
1654,678,2021-09-21,27.0,24.0,25.2,24.6,7.6,163.4
1655,679,2021-09-22,33.0,23.0,27.1,5.8,18.4,185.8
1656,680,2021-09-23,31.0,24.0,26.7,3.8,18.4,168.6
1657,681,2021-09-24,32.0,25.0,27.7,8.6,13.0,131.3
1658,682,2021-09-25,31.0,25.0,27.8,17.7,18.4,132.2
1659,683,2021-09-26,32.0,24.0,27.6,4.7,9.3,107.6
1660,684,2021-09-27,31.0,26.0,28.0,8.3,27.7,80.1
1661,685,2021-09-28,29.0,24.0,26.3,10.4,28.2,98.9
1662,686,2021-09-29,32.0,24.0,27.3,1.0,7.6,131.6
1663,687,2021-09-30,34.0,24.8,28.0,2.4,11.2,123.5
1664,688,2021-10-01,34.0,25.0,28.7,11.2,7.6,114.2
1665,689,2021-10-02,27.0,23.0,25.4,6.7,11.1,142.8
1666,690,2021-10-03,32.0,24.0,27.5,2.0,16.6,202.8
1667,691,2021-10-04,34.0,24.0,28.5,1.5,9.4,169.3
1668,692,2021-10-05,33.0,25.0,28.5,18.0,14.7,135.9
1669,693,2021-10-06,33.0,25.0,28.7,0.5,7.6,64.4
1670,694,2021-10-07,33.0,25.0,28.8,0.0,7.6,131.1
1671,695,2021-10-08,33.0,25.0,28.8,0.0,14.8,176.3
1672,696,2021-10-09,34.0,24.3,28.8,0.3,11.2,99.8
1673,697,2021-10-10,34.0,23.0,28.3,0.0,7.6,161.9
1674,698,2021-10-11,34.0,23.0,27.6,0.0,9.4,125.0
1675,699,2021-10-12,33.0,22.0,27.4,0.0,11.2,100.6
1676,700,2021-10-13,34.0,22.8,28.0,0.0,9.3,179.9
1677,701,2021-10-14,34.0,24.0,28.3,0.0,14.8,152.4
1678,702,2021-10-15,32.0,23.0,27.9,0.3,13.0,170.0
1679,703,2021-10-16,33.6,25.0,28.5,7.3,9.4,75.7
1680,704,2021-10-17,30.0,26.0,27.1,12.1,16.6,105.3
1681,705,2021-10-18,30.0,24.0,26.6,2.9,14.8,184.6
1682,706,2021-10-19,33.3,23.0,27.6,0.0,16.6,226.5
1683,707,2021-10-20,33.0,21.0,26.6,0.0,5.4,150.0
1684,708,2021-10-21,33.0,19.0,25.1,0.0,11.2,192.5
1685,709,2021-10-22,33.0,17.0,24.3,0.0,7.6,124.4
1686,710,2021-10-23,33.0,18.0,24.2,0.0,7.6,88.3
1687,711,2021-10-24,33.0,18.0,24.5,0.0,9.3,49.2
1688,712,2021-10-25,32.0,19.0,24.4,0.0,13.0,95.8
1689,713,2021-10-26,31.0,18.0,24.4,0.0,13.0,67.4
1690,714,2021-10-27,31.0,20.0,25.0,0.0,7.6,63.7
1691,715,2021-10-28,30.0,19.0,24.2,0.0,7.6,157.1
1692,716,2021-10-29,30.0,16.0,23.1,0.0,9.4,112.3
1693,717,2021-10-30,30.0,17.0,23.0,0.0,11.2,139.6
1694,718,2021-10-31,30.0,16.0,22.6,0.0,9.4,107.9
1695,719,2021-11-01,31.0,13.8,22.0,0.0,8.6,93.3
1696,720,2021-11-02,30.0,16.0,23.2,0.0,7.6,56.7
1697,721,2021-11-03,30.0,19.0,24.8,0.0,7.6,83.0
1698,722,2021-11-04,30.0,21.0,25.5,0.0,7.6,49.7
1699,723,2021-11-05,31.0,20.0,24.6,0.0,7.6,54.9
1700,724,2021-11-06,30.0,19.0,23.9,0.0,9.3,100.4
1701,725,2021-11-07,30.0,17.0,22.6,0.0,7.6,142.1
1702,726,2021-11-08,30.0,16.0,22.3,0.0,11.2,125.6
1703,727,2021-11-09,29.0,17.0,22.0,0.0,11.2,187.1
1704,728,2021-11-10,29.0,13.0,20.9,0.0,9.4,99.4
1705,729,2021-11-11,27.0,16.0,21.4,0.0,14.8,85.0
1706,730,2021-11-12,29.0,17.0,24.2,0.0,14.7,130.5
1707,731,2021-11-13,31.0,23.0,26.6,0.0,9.4,50.9
1708,732,2021-11-14,31.0,22.0,26.1,0.0,7.6,56.2
1709,733,2021-11-15,31.0,22.0,25.8,0.0,11.1,90.0
1710,734,2021-11-16,30.3,21.0,25.0,0.0,11.2,56.9
1711,735,2021-11-17,31.0,21.0,25.7,0.0,15.1,56.5
1712,736,2021-11-18,31.0,22.0,26.3,0.0,11.2,61.7
1713,737,2021-11-19,31.0,23.0,26.3,0.0,14.8,60.0
1714,738,2021-11-20,31.0,22.0,25.7,1.6,11.2,39.7
1715,739,2021-11-21,30.0,23.0,26.3,2.8,7.2,91.5
1716,740,2021-11-22,30.0,22.6,26.2,2.5,9.4,85.6
1717,741,2021-11-23,31.0,21.3,26.4,0.1,11.5,104.4
1718,742,2021-11-24,31.0,21.0,25.1,0.0,7.6,131.3
1719,743,2021-11-25,30.0,20.0,24.5,0.0,7.5,79.9
1720,744,2021-11-26,30.0,19.0,23.4,0.0,7.6,86.2
1721,745,2021-11-27,29.0,15.0,21.4,0.0,7.6,154.7
1722,746,2021-11-28,29.0,13.0,20.7,0.0,11.2,97.3
1723,747,2021-11-29,28.0,14.0,20.4,0.0,9.4,152.4
1724,748,2021-11-30,26.0,12.0,20.6,0.0,9.4,133.0
1725,749,2021-12-01,28.0,17.0,21.4,0.0,11.2,128.0
1726,750,2021-12-02,27.0,16.0,21.5,0.0,9.4,72.1
1727,751,2021-12-03,26.0,18.0,21.9,0.0,7.6,66.7
1728,752,2021-12-04,29.0,17.0,22.6,0.0,9.4,88.8
1729,753,2021-12-05,29.0,14.1,22.3,0.0,11.1,69.1
1730,754,2021-12-06,30.0,16.0,23.0,0.0,7.6,109.4
1731,755,2021-12-07,29.0,19.0,23.4,0.0,7.6,96.3
1732,756,2021-12-08,29.0,18.0,22.4,0.0,9.3,41.3
1733,757,2021-12-09,30.0,19.0,23.0,0.0,11.1,93.8
1734,758,2021-12-10,28.0,17.0,22.3,0.0,7.6,102.6
1735,759,2021-12-11,28.0,18.0,22.0,0.0,7.6,129.9
1736,760,2021-12-12,28.0,15.0,20.8,0.0,11.2,94.0
1737,761,2021-12-13,27.9,14.0,20.1,0.0,7.6,102.0
1738,762,2021-12-14,27.1,14.0,20.2,0.0,7.6,56.8
1739,763,2021-12-15,26.8,14.9,19.7,0.0,11.9,149.0
1740,764,2021-12-16,27.1,12.0,19.5,0.0,11.1,67.4
1741,765,2021-12-17,27.1,13.0,19.5,0.0,5.4,91.6
1742,766,2021-12-18,26.3,16.0,20.3,0.0,9.4,42.6
1743,767,2021-12-19,24.0,14.0,17.9,0.0,9.4,69.7
1744,768,2021-12-20,24.1,8.7,15.4,0.0,7.6,117.9
1745,769,2021-12-21,26.0,8.0,16.6,0.0,9.4,114.7
1746,770,2021-12-22,27.1,9.0,17.4,0.0,8.5,104.3
1747,771,2021-12-23,28.3,10.0,18.5,0.0,7.6,94.9
1748,772,2021-12-24,29.3,11.1,20.1,0.0,13.0,166.2
1749,773,2021-12-25,28.1,15.0,20.8,0.0,7.6,173.4
1750,774,2021-12-26,27.5,13.0,20.2,0.0,7.5,85.4
1751,775,2021-12-27,27.0,15.0,21.0,0.0,9.4,161.3
1752,776,2021-12-28,27.3,17.0,20.6,2.5,22.3,118.1
1753,777,2021-12-29,23.1,17.0,19.2,4.8,11.1,161.0
1754,778,2021-12-30,22.4,15.0,18.1,0.0,12.2,65.5
1755,779,2021-12-31,24.0,14.0,18.5,0.0,11.2,70.3
1756,780,2022-01-01,26.0,13.0,19.8,0.0,9.4,81.4
1757,781,2022-01-02,27.0,15.0,20.5,0.0,9.4,74.8
1758,782,2022-01-03,27.0,15.0,20.6,0.0,11.2,49.9
1759,783,2022-01-04,28.1,13.0,20.1,0.0,7.5,155.2
1760,784,2022-01-05,29.0,13.0,20.3,0.0,11.1,138.3
1761,785,2022-01-06,28.1,14.0,20.8,0.0,9.4,133.6
1762,786,2022-01-07,29.0,16.0,21.8,0.0,14.8,118.2
1763,787,2022-01-08,27.3,15.0,21.7,4.3,14.8,129.5
1764,788,2022-01-09,24.6,19.0,21.0,7.6,11.2,94.5
1765,789,2022-01-10,23.0,19.0,20.4,1.6,9.4,89.8
1766,790,2022-01-11,21.0,18.0,18.9,6.2,7.6,92.5
1767,791,2022-01-12,23.0,16.0,19.0,0.4,9.4,109.4
1768,792,2022-01-13,24.1,15.0,19.0,0.1,11.2,98.4
1769,793,2022-01-14,20.0,16.0,18.0,0.3,9.4,81.0
1770,794,2022-01-15,23.3,15.0,18.5,0.0,7.6,70.6
1771,795,2022-01-16,25.0,13.0,18.7,0.0,13.0,88.8
1772,796,2022-01-17,27.0,13.0,19.6,0.0,9.4,86.6
1773,797,2022-01-18,27.1,14.0,20.2,0.0,9.4,161.3
1774,798,2022-01-19,27.0,13.0,19.0,0.0,7.6,109.5
1775,799,2022-01-20,29.0,12.0,19.5,0.0,25.2,169.3
1776,800,2022-01-21,28.4,12.0,20.3,0.0,22.3,263.2
1777,801,2022-01-22,28.5,11.0,20.6,0.0,20.5,175.9
1778,802,2022-01-23,26.5,16.0,20.9,0.0,25.9,242.3
1779,803,2022-01-24,24.1,14.3,18.7,0.0,18.4,202.9
1780,804,2022-01-25,23.3,11.0,17.2,0.0,7.6,152.3
1781,805,2022-01-26,24.0,10.0,17.2,0.0,9.4,184.8
1782,806,2022-01-27,24.0,9.0,16.5,0.0,11.2,106.2
1783,807,2022-01-28,23.0,9.0,15.4,0.0,11.2,126.4
1784,808,2022-01-29,27.0,8.9,16.7,0.0,5.4,124.8
1785,809,2022-01-30,29.0,8.0,18.1,0.0,11.1,138.8
1786,810,2022-01-31,30.1,9.0,19.8,0.0,13.0,127.1
1787,811,2022-02-01,29.0,11.0,20.0,0.0,9.3,114.3
1788,812,2022-02-02,31.0,11.0,21.1,0.0,9.4,96.3
1789,813,2022-02-03,31.0,13.0,22.0,0.0,20.5,163.3
1790,814,2022-02-04,26.0,14.0,20.1,0.0,18.4,260.5
1791,815,2022-02-05,27.0,9.0,18.1,0.0,9.4,156.0
1792,816,2022-02-06,28.1,11.0,19.2,0.0,7.6,97.8
1793,817,2022-02-07,30.0,12.0,20.5,0.0,13.0,168.5
1794,818,2022-02-08,29.3,14.0,22.0,0.0,12.9,92.2
1795,819,2022-02-09,28.7,18.0,23.4,0.1,16.7,172.9
1796,820,2022-02-10,28.0,18.0,22.5,0.0,14.8,93.8
1797,821,2022-02-11,27.0,13.8,19.6,0.0,9.4,141.5
1798,822,2022-02-12,28.0,10.7,19.2,0.0,13.0,126.9
1799,823,2022-02-13,29.0,11.3,20.1,0.0,14.8,120.8
1800,824,2022-02-14,30.0,13.0,21.5,0.0,9.3,139.1
1801,825,2022-02-15,30.0,14.0,22.4,0.0,11.7,145.5
1802,826,2022-02-16,29.0,17.0,22.3,0.6,22.2,90.1
1803,827,2022-02-17,23.0,16.4,19.1,0.0,9.4,49.2
1804,828,2022-02-18,26.0,16.0,20.9,0.0,7.6,90.5
1805,829,2022-02-19,30.1,18.0,23.5,0.4,13.0,121.1
1806,830,2022-02-20,31.2,18.0,23.7,0.0,20.5,264.2
1807,831,2022-02-21,32.0,12.0,22.6,0.0,18.4,206.5
1808,832,2022-02-22,33.0,13.0,23.0,0.0,13.8,163.6
1809,833,2022-02-23,34.0,14.0,24.5,0.0,14.7,163.1
1810,834,2022-02-24,34.0,18.0,26.4,0.0,20.5,211.8
1811,835,2022-02-25,32.0,19.6,25.1,0.0,9.4,121.8
1812,836,2022-02-26,32.3,18.0,25.0,0.0,13.0,140.9
1813,837,2022-02-27,33.0,18.0,25.7,0.0,14.6,172.3
1814,838,2022-02-28,33.0,18.0,26.0,0.0,9.4,119.3
1815,839,2022-03-01,34.6,20.7,26.6,0.0,7.6,98.0
1816,840,2022-03-02,33.3,19.0,26.3,0.0,7.6,122.0
1817,841,2022-03-03,33.0,21.0,26.2,0.0,13.7,112.4
1818,842,2022-03-04,33.1,18.0,26.3,0.0,14.8,132.4
1819,843,2022-03-05,33.0,20.0,26.5,0.0,9.4,126.0
1820,844,2022-03-06,33.0,19.6,25.9,0.0,9.4,122.4
1821,845,2022-03-07,34.3,19.8,27.0,0.0,11.2,113.6
1822,846,2022-03-08,35.0,18.7,27.1,0.0,11.2,165.3
1823,847,2022-03-09,35.0,21.1,27.7,0.0,14.8,147.2
1824,848,2022-03-10,35.0,22.0,28.7,0.0,13.0,170.6
1825,849,2022-03-11,35.3,22.0,27.6,0.0,22.2,169.1
1826,850,2022-03-12,35.0,20.0,28.0,0.0,11.1,165.8
1827,851,2022-03-13,36.0,19.8,27.8,0.0,11.2,135.9
1828,852,2022-03-14,37.0,18.0,28.2,0.0,9.4,196.2
1829,853,2022-03-15,39.0,20.4,30.7,0.0,14.8,210.1
1830,854,2022-03-16,40.4,22.6,31.5,0.0,18.4,244.5
1831,855,2022-03-17,40.6,20.0,31.5,0.0,25.2,275.5
1832,856,2022-03-18,39.0,24.0,31.8,0.0,16.6,152.9
1833,857,2022-03-19,40.0,22.0,31.0,0.0,14.8,208.5
1834,858,2022-03-20,39.0,24.0,31.0,0.0,7.6,109.4
1835,859,2022-03-21,39.0,24.9,31.0,0.0,7.6,132.0
1836,860,2022-03-22,39.7,21.0,30.9,0.0,11.2,113.1
1837,861,2022-03-23,39.0,22.0,30.6,0.0,11.2,161.8
1838,862,2022-03-24,39.0,24.6,31.5,0.0,16.6,154.8
1839,863,2022-03-25,39.0,25.8,32.5,0.0,18.4,170.3
1840,864,2022-03-26,40.0,27.8,32.9,0.0,7.5,215.5
1841,865,2022-03-27,40.0,24.8,31.8,0.0,22.3,168.3
1842,866,2022-03-28,41.0,22.0,31.5,0.0,22.3,184.9
1843,867,2022-03-29,41.0,20.8,32.3,0.0,14.7,260.1
1844,868,2022-03-30,42.0,23.8,32.8,0.0,18.4,279.5
1845,869,2022-03-31,42.0,25.3,33.5,0.0,14.8,173.6
1846,870,2022-04-01,42.0,22.9,32.9,0.0,11.2,138.1
1847,871,2022-04-02,41.0,23.0,32.6,0.0,9.5,157.3
1848,872,2022-04-03,40.0,25.7,32.8,0.0,11.1,160.3
1849,873,2022-04-04,41.0,26.4,33.9,0.0,13.0,178.1
1850,874,2022-04-05,41.0,25.0,33.3,0.0,11.2,158.8
1851,875,2022-04-06,41.0,27.0,33.8,0.0,11.1,150.3
1852,876,2022-04-07,40.0,27.5,33.5,0.0,13.0,158.8
1853,877,2022-04-08,39.0,29.4,34.0,0.0,14.8,177.6
1854,878,2022-04-09,40.0,26.0,33.4,0.0,16.4,146.6
1855,879,2022-04-10,41.0,26.7,34.2,0.0,14.8,199.7
1856,880,2022-04-11,41.7,27.4,34.4,0.0,14.8,168.1
1857,881,2022-04-12,41.0,28.0,34.2,0.0,14.8,164.4
1858,882,2022-04-13,41.0,28.2,34.3,0.0,18.4,180.7
1859,883,2022-04-14,40.0,27.0,33.4,0.0,11.1,173.8
1860,884,2022-04-15,41.0,25.0,33.5,0.0,14.8,247.4
1861,885,2022-04-16,42.0,23.0,33.2,0.0,18.4,228.5
1862,886,2022-04-17,42.0,23.9,33.4,0.0,11.2,151.2
1863,887,2022-04-18,43.0,27.0,34.5,0.0,13.0,197.8
1864,888,2022-04-19,43.0,27.0,35.4,0.0,9.4,190.9
1865,889,2022-04-20,43.0,29.9,35.9,0.0,14.8,175.3
1866,890,2022-04-21,42.0,29.6,36.4,0.0,26.6,178.7
1867,891,2022-04-22,39.0,27.0,33.4,0.0,9.4,142.5
1868,892,2022-04-23,40.0,27.0,32.6,0.3,22.4,161.2
1869,893,2022-04-24,41.6,27.7,34.3,0.0,18.4,244.8
1870,894,2022-04-25,43.1,26.0,35.4,0.0,18.4,232.0
1871,895,2022-04-26,43.1,27.1,35.4,0.0,13.0,186.4
1872,896,2022-04-27,44.0,24.6,36.1,0.0,18.4,238.5
1873,897,2022-04-28,44.0,26.0,35.7,0.0,9.4,165.5
1874,898,2022-04-29,45.0,27.7,36.7,0.0,22.2,248.0
1875,899,2022-04-30,44.0,26.6,36.5,0.0,14.8,256.8
1876,900,2022-05-01,43.4,27.6,36.2,0.1,18.3,278.4
1877,901,2022-05-02,43.0,31.7,36.5,0.1,18.4,214.2
1878,902,2022-05-03,43.0,28.1,35.4,2.1,27.7,195.5
1879,903,2022-05-04,42.0,27.0,34.7,0.2,18.4,210.3
1880,904,2022-05-05,42.0,27.5,35.5,0.0,16.6,208.3
1881,905,2022-05-06,43.0,26.7,35.5,0.0,14.8,216.3
1882,906,2022-05-07,41.0,29.6,34.5,0.0,11.2,102.9
1883,907,2022-05-08,43.0,27.7,35.5,0.0,11.1,146.8
1884,908,2022-05-09,42.1,29.2,36.1,0.0,13.0,94.9
1885,909,2022-05-10,42.7,29.2,36.5,0.0,18.3,95.8
1886,910,2022-05-11,41.0,30.6,35.9,0.0,11.2,89.0
1887,911,2022-05-12,42.0,31.0,34.8,0.0,16.6,172.9
1888,912,2022-05-13,43.0,30.0,35.9,0.0,18.8,166.3
1889,913,2022-05-14,45.0,30.4,38.3,0.0,18.4,172.0
1890,914,2022-05-15,45.0,32.4,39.1,0.0,24.1,265.3
1891,915,2022-05-16,39.0,31.0,34.8,0.0,24.0,152.7
1892,916,2022-05-17,43.0,30.2,36.8,0.0,9.4,156.9
1893,917,2022-05-18,41.0,30.8,36.0,0.2,14.8,156.0
1894,918,2022-05-19,39.0,25.7,32.6,0.1,25.9,184.9
1895,919,2022-05-20,40.1,29.6,35.2,0.0,14.8,180.8
1896,920,2022-05-21,43.0,30.7,36.8,0.1,22.3,273.2
1897,921,2022-05-22,41.3,30.8,35.9,0.0,25.8,292.5
1898,922,2022-05-23,41.0,30.0,35.2,0.0,24.1,240.7
1899,923,2022-05-24,39.0,28.6,31.9,0.1,9.4,124.0
1900,924,2022-05-25,40.0,25.0,32.2,0.1,14.8,196.0
1901,925,2022-05-26,40.0,26.0,32.6,0.6,16.6,240.5
1902,926,2022-05-27,42.0,27.0,34.3,0.0,20.5,211.3
1903,927,2022-05-28,41.3,29.7,35.7,0.2,22.2,282.7
1904,928,2022-05-29,42.0,30.1,36.1,0.2,22.3,259.0
1905,929,2022-05-30,42.3,29.1,35.4,0.1,18.4,208.6
1906,930,2022-05-31,41.0,30.2,35.1,0.0,22.3,241.6
1907,931,2022-06-01,43.0,30.1,36.6,0.0,22.3,143.0
1908,932,2022-06-02,44.3,31.1,38.0,0.0,27.6,265.1
1909,933,2022-06-03,45.0,31.5,38.8,0.0,22.3,259.5
1910,934,2022-06-04,44.0,34.7,38.2,0.0,18.4,294.2
1911,935,2022-06-05,44.1,32.8,38.9,0.0,25.8,251.5
1912,936,2022-06-06,44.0,34.2,38.8,0.0,18.4,252.1
1913,937,2022-06-07,44.4,31.0,38.2,0.0,22.3,307.5
1914,938,2022-06-08,43.0,33.7,37.9,0.0,37.1,284.9
1915,939,2022-06-09,41.6,32.0,35.8,0.6,29.3,269.0
1916,940,2022-06-10,40.0,30.2,34.3,0.9,27.7,247.8
1917,941,2022-06-11,40.0,29.0,32.6,2.0,25.9,220.4
1918,942,2022-06-12,36.0,26.9,30.7,3.5,16.6,243.7
1919,943,2022-06-13,39.0,27.6,32.9,1.3,14.8,257.9
1920,944,2022-06-14,39.0,28.5,32.6,6.2,25.9,258.5
1921,945,2022-06-15,38.0,26.6,30.1,7.2,33.5,201.0
1922,946,2022-06-16,32.2,25.7,27.9,4.6,20.5,198.2
1923,947,2022-06-17,36.0,25.9,29.7,20.2,13.0,213.0
1924,948,2022-06-18,35.0,25.7,28.7,13.7,22.3,155.9
1925,949,2022-06-19,34.0,23.7,28.1,17.9,14.8,171.7
1926,950,2022-06-20,33.0,23.6,28.4,20.4,18.4,201.4
1927,951,2022-06-21,32.0,23.0,25.3,5.0,13.0,162.6
1928,952,2022-06-22,34.0,24.0,28.9,5.4,13.0,139.9
1929,953,2022-06-23,35.0,26.0,28.9,2.4,18.4,166.9
1930,954,2022-06-24,33.0,24.0,29.5,0.4,27.7,200.6
1931,955,2022-06-25,33.0,23.8,28.2,1.6,11.2,173.2
1932,956,2022-06-26,32.0,26.8,29.0,1.9,14.8,174.8
1933,957,2022-06-27,33.0,26.6,28.6,8.1,16.6,171.5
1934,958,2022-06-28,34.0,25.7,29.9,1.0,12.1,235.3
1935,959,2022-06-29,34.0,27.6,29.7,2.6,18.4,210.0
1936,960,2022-06-30,33.0,25.0,27.6,9.8,14.8,203.3
1937,961,2022-07-01,33.0,25.0,28.3,12.8,20.5,215.9
1938,962,2022-07-02,32.1,25.8,28.0,10.2,18.4,226.8
1939,963,2022-07-03,29.9,25.0,26.6,15.8,14.8,205.1
1940,964,2022-07-04,29.0,25.5,26.7,35.8,16.9,248.2
1941,965,2022-07-05,30.0,25.0,27.2,16.3,16.6,220.9
1942,966,2022-07-06,30.0,25.8,27.6,2.3,7.6,211.3
1943,967,2022-07-07,29.0,25.0,26.6,8.8,11.2,185.2
1944,968,2022-07-08,28.0,25.6,26.9,9.5,14.8,272.9
1945,969,2022-07-09,31.0,25.0,27.0,16.6,24.1,271.3
1946,970,2022-07-10,31.0,24.8,26.4,23.5,22.3,296.8
1947,971,2022-07-11,30.0,24.0,25.9,35.8,22.3,283.9
1948,972,2022-07-12,30.0,25.6,26.9,23.0,25.0,308.2
1949,973,2022-07-13,28.0,24.7,26.1,25.2,25.9,311.5
1950,974,2022-07-14,28.0,24.8,26.0,21.0,13.0,277.2
1951,975,2022-07-15,30.0,24.6,26.1,15.6,14.8,249.2
1952,976,2022-07-16,31.0,24.8,27.7,13.4,11.2,216.0
1953,977,2022-07-17,28.0,25.0,27.0,35.7,18.4,288.1
1954,978,2022-07-18,27.0,23.8,25.1,23.8,18.4,269.8
1955,979,2022-07-19,25.0,23.0,24.2,1.8,14.8,233.4
1956,980,2022-07-20,28.0,24.6,25.9,1.3,14.8,239.5
1957,981,2022-07-21,30.0,24.9,27.3,13.6,20.5,254.6
1958,982,2022-07-22,31.3,25.6,27.8,9.0,18.4,284.2
1959,983,2022-07-23,27.3,24.8,25.6,20.0,18.4,261.9
1960,984,2022-07-24,26.7,24.7,25.4,10.7,11.2,228.3
1961,985,2022-07-25,28.0,24.0,26.1,16.0,14.8,239.2
1962,986,2022-07-26,29.0,24.0,25.8,10.7,13.0,251.2
1963,987,2022-07-27,30.0,24.6,26.4,3.1,9.4,191.4
1964,988,2022-07-28,33.0,24.9,28.3,9.6,16.6,157.2
1965,989,2022-07-29,32.0,25.8,27.8,10.9,16.6,193.3
1966,990,2022-07-30,31.0,24.9,27.2,3.4,12.7,168.5
1967,991,2022-07-31,34.0,24.9,29.4,1.8,12.9,255.0
1968,992,2022-08-01,33.3,26.9,30.0,7.4,16.6,270.6
1969,993,2022-08-02,33.4,25.7,29.4,2.7,11.2,253.6
1970,994,2022-08-03,34.0,27.0,29.4,4.8,18.4,193.1
1971,995,2022-08-04,33.1,25.0,27.9,18.2,9.4,107.6
1972,996,2022-08-05,33.0,25.0,28.6,4.3,10.4,103.4
1973,997,2022-08-06,34.0,25.0,27.8,10.1,16.6,159.9
1974,998,2022-08-07,33.0,24.6,26.9,10.6,18.4,184.0
1975,999,2022-08-08,31.2,24.3,27.4,28.3,14.4,175.0
